,username,tweet,date,class
0,Menlu_RI,"Ketiga jenis vaksin yang digunakan Indonesia, Sinovac, AstraZeneca dan Sinopharm telah memperoleh Emergency Use Listing (EUL) dari WHO.",2021-06-10 16:08:53,vaccine
1,Menlu_RI,"Alhamdullilah pada malam ini, Indonesia kembali menerima vaksin AstraZeneca melalui jalur multilateral, Covax Facil‚Ä¶ https://t.co/uoiAL92MPV",2021-06-10 16:08:53,vaccine
2,kumparan,"Menteri Luar Negeri Retno Marsudi mengatakan, vaksin AstraZeneca ini tiba dari skema COVAX. Sebelumnya, pada 5 Juni‚Ä¶ https://t.co/DWkhhhj3ha",2021-06-10 16:08:34,vaccine
3,kompascom,"Dengan penambahan 1,5 juta dosis vaksin AstraZeneca tersebut, total dosis vaksin yang telah diterima Indonesia seba‚Ä¶ https://t.co/tjcH4xGBfx",2021-06-10 16:07:03,vaccine
4,AlbertSolo2,"Indonesia Kedatangan 1,5 Juta Dosis Vaksin AstraZeneca https://t.co/cxSlZqh34b",2021-06-10 16:06:31,vaccine
5,CNNIndonesia,"Indonesia Kedatangan 1,5 Juta Dosis Vaksin AstraZeneca https://t.co/15wWXUZ9Vw",2021-06-10 16:04:14,vaccine
6,AyoAjaOrangnya,Alhamdulillah. Saya sudah di VAKSIN! #AstraZeneca sebagai bentuk ikhtiar pencegahan penyakit COVID-19. Terima kasih‚Ä¶ https://t.co/pa4db8sbfS,2021-06-10 15:59:30,vaccine
7,EvaMalca,@afrkml Aku kira itu list akibat vaksin astrazeneca ‚ò∫Ô∏è,2021-06-10 15:58:37,vaccine
8,setkabgoid,"Hari ini, sebanyak 1,5 juta dosis vaksin COVID-19 produksi AstraZeneca kembali tiba di Tanah Air. 

Selain itu, bes‚Ä¶ https://t.co/yHM7WpxYxZ",2021-06-10 15:57:30,vaccine
9,agitamr,"nih yang nanya efek samping vaksin astrazeneca :
1) Kalo malem panas dingin mengigil
2) Badan linu sampe ke tulang‚Ä¶ https://t.co/3SWRZEyJay",2021-06-10 15:38:47,vaccine
10,lensaRTV,Indonesia kembali kedatangan vaksin Covid-19 tahap ke-15 yang tiba malam ini di Bandara Soekarno-Hatta. Kali ini ju‚Ä¶ https://t.co/XLCIjvZksM,2021-06-10 15:38:00,vaccine
11,InvestorID,"Malam Ini, Indonesia Terima 1,5 Juta Dosis Vaksin AstraZeneca https://t.co/O3Vo67WteZ https://t.co/bCS95LMoZE",2021-06-10 15:31:28,vaccine
12,cnbcindonesia,"RI Kedatangan 1,5 Juta Dosis Vaksin Covid-19 AstraZeneca https://t.co/mlNdfzQiEZ",2021-06-10 15:31:10,vaccine
13,Beritasatu,"Malam Ini, Indonesia Terima 1,5 Juta Dosis Vaksin Astrazeneca https://t.co/eOX5ac7X01 https://t.co/9cnGsU0rab",2021-06-10 15:20:18,vaccine
14,inibukantessa,@dmanda17 Kita abis vaksin astrazeneca berarti jadu keturunan keluarga kerajaan Inggris dong,2021-06-10 15:10:31,vaccine
15,mohzamzam_,"jadi gue dapet vaksin #AstraZeneca di RSUP fatmawati, untuk dosis pertama itu gue disuntik hari ini which is tangga‚Ä¶ https://t.co/myXxaluo1Z",2021-06-10 15:07:08,vaccine
16,mohzamzam_,mau sharing tentang vaksin #AstraZeneca ah untuk beberapa hari/minggu/bulan kedepan. twitnya gue pin ya !!,2021-06-10 15:03:49,vaccine
17,opsiin,"Syarat Penerima Vaksin AstraZeneca, Perlu Banget Dicatat! ‚Äì Detik- https://t.co/XwSncsMQ2h https://t.co/6q5ERYLqKH",2021-06-10 14:51:22,vaccine
18,opsiin,"Syarat Penerima Vaksin AstraZeneca, Perlu Banget Dicatat! ‚Äì¬†Detik https://t.co/mt3LQ3YnDp",2021-06-10 14:51:11,vaccine
19,syarifahay_,Astrazeneca / sinovac jd abis vaksin maem https://t.co/sKFBupra4U,2021-06-10 14:45:00,vaccine
20,opsiin,DKI Kebut Suntik Vaksin AstraZeneca Cegah Kedaluwarsa Juni ‚Äì CNN Indonesia- https://t.co/S6Mv5QCQlY https://t.co/GRW965SBzO,2021-06-10 14:35:48,vaccine
21,opsiin,DKI Kebut Suntik Vaksin AstraZeneca Cegah Kedaluwarsa Juni ‚Äì CNN¬†Indonesia https://t.co/mAY3ARLm7L,2021-06-10 14:35:40,vaccine
22,ftmhabdllh,"Feedback dari kami bertiga lepas ambil vaksin yang berlainan.

Mak (pfizer) - tak ada apa apa.
Abg majid (sinovac)‚Ä¶ https://t.co/cMVBfefswI",2021-06-10 14:31:11,vaccine
23,opsiin,Mobil Puskesmas Angkut Vaksin AstraZeneca Terguling di Blitar ‚Äì detikNews- https://t.co/jcsfpASe9D https://t.co/oj5TmzYrOu,2021-06-10 14:30:50,vaccine
24,opsiin,Mobil Puskesmas Angkut Vaksin AstraZeneca Terguling di Blitar ‚Äì¬†detikNews https://t.co/h6lMYO1edf,2021-06-10 14:30:41,vaccine
25,opsiin,Kemenkes Sediakan 400 Ribu Vaksin AstraZeneca untuk DKI ‚Äì Republika- https://t.co/O3W8gaLfPs https://t.co/UPKkSFA5Y0,2021-06-10 14:29:07,vaccine
26,opsiin,Kemenkes Sediakan 400 Ribu Vaksin AstraZeneca untuk DKI ‚Äì¬†Republika https://t.co/pFTVEAaAHN,2021-06-10 14:28:51,vaccine
27,giewhydi,"Daftar vaksin yang telah disetujui WHO.

Isndonesia telah menggunakan 3 jenis vaksin, yakni Sinovac, AstraZeneca, d‚Ä¶ https://t.co/LggOflKW9b",2021-06-10 14:21:00,vaccine
28,KATADATAcoid,Sebanyak 400 ribu stok vaksin Covid-19 merek AstraZeneca yang berada di Jakarta akan kedaluwarsa pada Juni 2021. Ke‚Ä¶ https://t.co/QrGQD4JabF,2021-06-10 14:16:17,vaccine
29,FIMELAdotcom,Cerita Sandiaga Uno Jalani Vaksin Covid-19 AstraZeneca Dosis Pertama: Sandiaga Uno Jalani Vaksin Covid-19 AstraZene‚Ä¶ https://t.co/eZItg8U50U,2021-06-10 14:16:05,vaccine
30,andradjaafara,@afriandiniputri ini semoga membantu din https://t.co/ew2kKXL6iS,2021-06-10 14:09:52,vaccine
31,WilsonLayman,@setkabgoid @jokowi Apakah vaksin astrazeneca akan diimpor kembali untuk suntikan kedua atau akan digunakan vaksin‚Ä¶ https://t.co/hE65XY7F1f,2021-06-10 14:07:21,vaccine
32,detikHealth,Vaksin Sinovac dan Astrazeneca saat ini jadi vaksin COVID-19 yang paling banyak digunakan di Indonesia. Ini beda be‚Ä¶ https://t.co/6mvHvl8iKX,2021-06-10 14:06:32,vaccine
33,Ahdorable_Trap,"Aku belum vaksin, 
ditawarin vaksin  Sinovac atau vaksin Astrazeneca 

Masih ragu mau vaksin tapi takut jg kena covid üò∂",2021-06-10 14:03:45,vaccine
34,DoyanMusik4,"Syarat Penerima Vaksin AstraZeneca, Perlu Banget Dicatat! https://t.co/GhMibVxAS8",2021-06-10 14:00:13,vaccine
35,detikcom,"Vaksinasi Corona tahap ketiga diperluas sasarannya, boleh untuk masyarakat umum 18 tahun ke atas. Adapun syarat pen‚Ä¶ https://t.co/34BhQ5QNV1",2021-06-10 13:55:40,vaccine
36,detikHealth,"Masih takut menggunakan vaksin AstraZeneca? Berikut ini beberapa fakta terkait keamanannya:

https://t.co/IJPXPaa7Of",2021-06-10 13:54:54,vaccine
37,datukhensem,"Hari ini 3046 orang telah diberikan dos vaksin AstraZeneca di PPVAZ BCCK Kuching. 

Mantap orang Kuching.",2021-06-10 13:54:39,vaccine
38,afriandiniputri,"Studi Terbaru Efek Samping Vaksin AstraZeneca, Ini Hasilnya https://t.co/sjhTTy6Znh",2021-06-10 13:52:30,vaccine
39,detikHealth,"Pelaksanaan vaksinasi tahap III di DKI ini akan menggunakan vaksin AstraZeneca.

https://t.co/yHr3V3G3ZU",2021-06-10 13:49:11,vaccine
40,detikcom,Vaksin Sinovac dan Astrazeneca saat ini jadi vaksin COVID-19 yang paling banyak digunakan di Indonesia. Ini beda be‚Ä¶ https://t.co/5DDNaqTEwJ,2021-06-10 13:37:38,vaccine
41,indoseputarinfo,"Vaksin-vaksin itu ada yang dipake buat vaksinasi gratis, kayak Sinovac dan Astrazeneca. Ada juga yang dipake buat v‚Ä¶ https://t.co/3Ry9tlvj0o",2021-06-10 13:22:10,vaccine
42,Menlu_RI,"Ketiga jenis vaksin yang digunakan Indonesia, Sinovac, AstraZeneca dan Sinopharm telah memperoleh Emergency Use Listing (EUL) dari WHO.",2021-06-10 16:08:53,vaccine
43,wizonepkl,@yeonier Pdhl vaksin yg buat nakes itu sinovac malah,2021-06-10 16:01:51,vaccine
44,lifesssuc,"@yaqiaqiyo kalo aku kemarin, vaksin yang tersedia kak, Sinovac.. aku jg blm ada denger kabar dari temen temenku kal‚Ä¶ https://t.co/2h5TWJyshy",2021-06-10 15:59:16,vaccine
45,Effendy_Wongso,"Vaksin Sinovac untuk UMKM Kembali  Dikirim ke NTT, Ini Tujuannya https://t.co/H2N4Ta8LqB via @terkinidotid",2021-06-10 15:31:24,vaccine
46,Wedhus999,"Angkat Hashtag
‚¨áÔ∏è
#WaspadaVaksinOplosan

Tolak  SINOVAC karena kadar vaksin  yang diberikan kepada Rakyat yang kont‚Ä¶ https://t.co/bnIq30mj0O",2021-06-10 15:29:46,vaccine
47,Wedhus999,"Africa selatan... Rakyat turun ke jalan dan berhadapan dgn polisi krn menolak vaksin dari china.

Di negeri +62 kap‚Ä¶ https://t.co/28ofIafHzd",2021-06-10 15:23:26,vaccine
48,Effendy_Wongso,"Vaksin Sinovac untuk UMKM Kembali Dikirim ke NTT, Ini Tujuannya https://t.co/H2N4Ta8LqB via @terkinidotid",2021-06-10 15:22:32,vaccine
49,Wedhus999,"Kalau mimin sih seperti yang bunda Elvy bilang,AKU TAK MAU...BILA DIPAKSA,WALAU CORONA MAS KAWINNYA.

Why??

SILAKA‚Ä¶ https://t.co/D0kelxhtep",2021-06-10 15:17:02,vaccine
50,Wedhus999,"Sudah jelas kemarin yang terang-terangan menolak di vaksin adalah Erik Tohir dan anak PKI Ribka Tjiptaning ‚ÄºÔ∏è

Kare‚Ä¶ https://t.co/kfE0Kpz1e8",2021-06-10 15:13:44,vaccine
51,Wedhus999,"MEMAKSA RAKYAT UNTUK WAJIB VAKSIN DENGAN LABEL DENDA DAN PENJARA ADALAH PELANGGARAN HAM‚ÄºÔ∏è

LAWAN ATAU MATI SIA-SIA‚Ä¶ https://t.co/YGikk0pMFI",2021-06-10 15:10:05,vaccine
52,Wedhus999,JOKOWI SENDIRI TAKUT DI SUNTIK VAKSIN DENGAN SINOVAC KARENA TAU BAHAN UTAMANYA YANG DI SEMBUNYIKAN DAN TIDAK DI PUB‚Ä¶ https://t.co/d5VnVm7U2p,2021-06-10 15:09:46,vaccine
53,Wedhus999,"Kalian kira kami rakyat Indonesia ini dianggap binatang?? Sehingga harus jadi bahan kelinci percobaan ‚ÄºÔ∏è

*Ujicoba‚Ä¶ https://t.co/rAFw9zum0j",2021-06-10 15:09:27,vaccine
54,syarifahay_,Astrazeneca / sinovac jd abis vaksin maem https://t.co/sKFBupra4U,2021-06-10 14:45:00,vaccine
55,Dreamy091_,"@Irwanbajang Dapat vaksin apa, Mas? Aku dapat jatah kampus sih. Vaksin kedua tanggal 19 nanti. Sinovac kalau aku.",2021-06-10 14:41:53,vaccine
56,babyflw,@kalkulusturunan Di tempatku vaksin udah pake yang aza bla bla bla itu ternyata kecuali kalo km dosen dan guru masih dapet sinovac,2021-06-10 14:34:23,vaccine
57,bayukariastanto,"@drpriono1 @BudiGSadikin Prof, mohon usul ke pemerintah tuk pertimbangkan pesan vaksin J&amp;J, efikasinya lbh tinggi d‚Ä¶ https://t.co/O0FVzvuyP9",2021-06-10 14:32:16,vaccine
58,Bow_limadua,"@Didindding ""pengaruh distribusi vaksin SINOVAC terhadap tingkat okupansi hotal di DKI Jakarta""",2021-06-10 14:32:01,vaccine
59,ftmhabdllh,"Feedback dari kami bertiga lepas ambil vaksin yang berlainan.

Mak (pfizer) - tak ada apa apa.
Abg majid (sinovac)‚Ä¶ https://t.co/cMVBfefswI",2021-06-10 14:31:11,vaccine
60,inezkarnz,"@buncisbaru halo kak.. kalau boleh, aku juga lagi cari vaksin sinovac di jakarta untuk 18+. kalau ada info nya, bol‚Ä¶ https://t.co/DqVJNwd9zU",2021-06-10 14:27:34,vaccine
61,giewhydi,"Daftar vaksin yang telah disetujui WHO.

Isndonesia telah menggunakan 3 jenis vaksin, yakni Sinovac, AstraZeneca, d‚Ä¶ https://t.co/LggOflKW9b",2021-06-10 14:21:00,vaccine
62,detikHealth,Vaksin Sinovac dan Astrazeneca saat ini jadi vaksin COVID-19 yang paling banyak digunakan di Indonesia. Ini beda be‚Ä¶ https://t.co/6mvHvl8iKX,2021-06-10 14:06:32,vaccine
63,Ahdorable_Trap,"Aku belum vaksin, 
ditawarin vaksin  Sinovac atau vaksin Astrazeneca 

Masih ragu mau vaksin tapi takut jg kena covid üò∂",2021-06-10 14:03:45,vaccine
64,detikcom,Vaksin Sinovac dan Astrazeneca saat ini jadi vaksin COVID-19 yang paling banyak digunakan di Indonesia. Ini beda be‚Ä¶ https://t.co/5DDNaqTEwJ,2021-06-10 13:37:38,vaccine
65,newsplatter,"@cantonaisme Kalo gw terima SMS langsung selesai vaksin. Di SMS ada link, kalo diklik langsung ada sertifikat.
Boka‚Ä¶ https://t.co/M4RjqIKxPT",2021-06-10 13:24:40,vaccine
66,_dealarasati,Apa banget Jogja 500???? Aku jadi ngerasa bersalah habis vaksin AZ langsung cerita ke ortu gejalanya gimana. Gara-g‚Ä¶ https://t.co/mnc9s7VVXX,2021-06-10 13:22:33,vaccine
67,indoseputarinfo,"Vaksin-vaksin itu ada yang dipake buat vaksinasi gratis, kayak Sinovac dan Astrazeneca. Ada juga yang dipake buat v‚Ä¶ https://t.co/3Ry9tlvj0o",2021-06-10 13:22:10,vaccine
68,Prisilia_DM,Banyak yg demen vaksin sinovac. Smntara Vaksin aztra ..hmmm,2021-06-10 13:20:07,vaccine
69,Wedhus999,"https://t.co/XpWKNY5jK7

SILAKAN DI SIMAK,
""DAFTAR ORANG YANG BOLEH DAN TIDAK BOLEH DI SUNTIK FUCKSIN SINOVAC"" menu‚Ä¶ https://t.co/9uoEfUkx3h",2021-06-10 13:19:11,vaccine
70,Wedhus999,"https://t.co/0lv05OHb7G

Menurut R.MOL berita yang di unggah pada tanggal 10 November 2020 dengan judul ""ADA EFEK S‚Ä¶ https://t.co/EzbxZ1bj6l",2021-06-10 13:19:00,vaccine
71,Wedhus999,"Seperti yang sudah Mimin posting tentang masalah pemecatan dewan pertimbangan di tubuh MUI PUSAT.

Hari ini terbukt‚Ä¶ https://t.co/WKngcXDmTP",2021-06-10 13:17:21,vaccine
72,fzrlaiman,"Xyah blaja mandarin klas pegi cucuk vaksin sinovac je fac ni, nnti fasih la wushu2",2021-06-10 13:14:54,vaccine
73,amazenkli4,"@Vikana_dee Waduh jd takut bsk mau vaksin

Pake sinovac atau az om?",2021-06-10 13:09:23,vaccine
74,Menlu_RI,"Ketiga jenis vaksin yang digunakan Indonesia, Sinovac, AstraZeneca dan Sinopharm telah memperoleh Emergency Use Listing (EUL) dari WHO.",2021-06-10 16:08:53,vaccine
75,Menlu_RI,Total vaksin yang telah diterima Indonesia sampai saat ini sebanyak 93.728.400 dosis dan Insya Allah pada tanggal 1‚Ä¶ https://t.co/YFn8BZwbye,2021-06-10 16:08:53,vaccine
76,setkabgoid,"Hari ini, sebanyak 1,5 juta dosis vaksin COVID-19 produksi AstraZeneca kembali tiba di Tanah Air. 

Selain itu, bes‚Ä¶ https://t.co/yHM7WpxYxZ",2021-06-10 15:57:30,vaccine
77,HartonoKetut,"Walaupun beberapa vaksin kurang efektif, lebih baik divaksin daripada tidak sama sekali. #VaksinCorona apapun mengu‚Ä¶ https://t.co/o41S0L9Bxn",2021-06-10 15:00:17,vaccine
78,giewhydi,"Daftar vaksin yang telah disetujui WHO.

Isndonesia telah menggunakan 3 jenis vaksin, yakni Sinovac, AstraZeneca, d‚Ä¶ https://t.co/LggOflKW9b",2021-06-10 14:21:00,vaccine
79,indoseputarinfo,"Vaksin-vaksin itu ada yang dipake buat vaksinasi gratis, kayak Sinovac dan Astrazeneca. Ada juga yang dipake buat v‚Ä¶ https://t.co/3Ry9tlvj0o",2021-06-10 13:22:10,vaccine
80,BenTeranova,"Not bad.  Stiap 100 orang kat Malaysia, dah 12 orang divaksin.  #5 dlm ASEAN &amp; sikit lg nak mnyaingi Brunei.  Cambo‚Ä¶ https://t.co/fcQEGK7euj",2021-06-10 13:21:17,vaccine
81,buncisbaru,"@dirgarambe @KemenkesRI Sekalian tanya, teman2 apa ada info vaksin sinivac/sinopharm di area jkt? Saya bukannya pil‚Ä¶ https://t.co/JyEQFaowDp",2021-06-10 10:53:36,vaccine
82,AsepIwanSH1,@univ_indonesia @UGMYogyakarta @itbofficial @ipbofficial @unpad @UndipSemarang @UB_Official @its_campus‚Ä¶ https://t.co/lnu4nQeqLT,2021-06-10 09:23:42,vaccine
83,daviddagustinus,@blengerbrgr ini pake vaksin gotong royong. dapet dosisnya Sinopharm ya. Bukan sinovac.,2021-06-10 09:20:37,vaccine
84,AsepIwanSH1,@GreenStone98 @univ_indonesia @UGMYogyakarta @itbofficial @ipbofficial @unpad @UndipSemarang @UB_Official‚Ä¶ https://t.co/bsDZ5iQC6d,2021-06-10 09:14:13,vaccine
85,shxxra,ada yg tau gak info di bekasi kl mau vaksin sinopharm bisa dimana?üòê,2021-06-10 08:23:15,vaccine
86,alxbon93,@BulbaSalim Vaksin goting royong sinopharm bukan deriz?,2021-06-10 06:55:17,vaccine
87,MassagePremium,"Hi I'am Back again,

Juni 21 OR

12-13 Juni Swissotel PIK AREA

Yang nanyain terus jadwal OR akhirnya Open room jak‚Ä¶ https://t.co/WolT4VMul9",2021-06-10 06:23:38,vaccine
88,magiaconatus,"...aku akan menerima 0.5ml dosis vaksin COVID-19 produksi Sinopharm. Sebelum ia menyuntikku, ia sempat bertanya apa‚Ä¶ https://t.co/JBQON8e1QG",2021-06-10 06:06:05,vaccine
89,detikHealth,China telah menyetujui vaksin COVID-19 ketujuh yang dikembangkan di dalam negeri untuk memenuhi permintaan di tenga‚Ä¶ https://t.co/1F1H6iC3m4,2021-06-10 06:03:47,vaccine
90,ClayTasya,Alhamdulillah Arsjad Rasjid dan 3000 karyawan Indika Energy Group menerima dosis pertama vaksin Covid-19 (Sinopharm‚Ä¶ https://t.co/4IHHx7oOFX,2021-06-10 06:01:07,vaccine
91,jifuwonnim,org mikir vaksin mana yg bagus cari sana sini... gue malah mikir vaksin mana yg kelarnya cepet gak sampe 3 bulan ja‚Ä¶ https://t.co/o0Z0zHmYzN,2021-06-10 05:54:42,vaccine
92,jifuwonnim,kenapa sinovac belum boleh buat persyaratan vaksin keluar sih errr. gue pikir sinovac sama sinopharm sama... nyata nyata beda produk zzzz,2021-06-10 05:52:29,vaccine
93,kumparan,"Saat ini Indonesia telah memiliki 83,9 juta dosis vaksin. Vaksin tersebut terdiri dari Sinovac, Sinopharm, dan Astr‚Ä¶ https://t.co/xKgc53d2FI",2021-06-10 05:46:04,vaccine
94,rumah123,"Sudah siap untuk divaksin? 70 ribu dosis vaksin sudah siap untuk digunakan dalam vaksin gotong royong lho. Yuk, vak‚Ä¶ https://t.co/BHuYAcui4t",2021-06-10 05:30:10,vaccine
95,cayahi,"jam 10 pagi tadi vaksin pertama pakai sinopharm, sampe sekarang blm ada efek apa-apa sih. cuman rasa nyeri dibekas‚Ä¶ https://t.co/XKpHZkTSEm",2021-06-10 05:23:19,vaccine
96,IrkazTravel,"Minggu lalu, Arab Saudi mengemas kini sekatan perjalanannya, yang merangkumi syarat pengambilan vaksin Pfizer, Astr‚Ä¶ https://t.co/yYnIG43Aiy",2021-06-10 04:12:29,vaccine
97,IrkazTravel,"‚Ä¶Sinopharm.
========================================================
Walaupun rantaian bekalannya cepat dan respons‚Ä¶ https://t.co/kL3Dl3qp3o",2021-06-10 04:12:29,vaccine
98,khwinarto,ada yang tau informasi vaksin sinopharm? ato sudah pernah di vaksin sinopharm?,2021-06-10 03:27:46,vaccine
99,afrizalprtama,Vaksin sinopharm akan tiba kembali #adaptasikebiasaanbaru https://t.co/kUoZbOfTJX,2021-06-10 03:00:30,vaccine
100,almakarma__,"@Vikana_dee nyokapnya pake vaksin apa kalo boleh tau ya?
sebentar lagi sekantor mau vaksin gotong royong (sinopharm / cansino)",2021-06-10 02:27:22,vaccine
101,PutriAnns,Kemenkes melalui Keputusan Menteri Kesehatan Nomor HK.01.07/MENKES/4643/2021 sudah resmi menetapkan harga pembelian‚Ä¶ https://t.co/8rKT3Si4YM,2021-06-10 01:42:22,vaccine
102,incitu,"Pagi2 baca ini.üòì
Mongolia naik lagi kasus covid pdhl sebagian warganya udah vaksin dg sinopharm.

Corona virus itu‚Ä¶ https://t.co/NE6O3F1DXI",2021-06-09 23:04:42,vaccine
103,sicupuh,@fahmi_alfansi Mungkin sebagai bagian dari booster shot? UAE juga sekarang menawarkan vaksin pfizer tambahan bagi w‚Ä¶ https://t.co/CwKtDUOjA6,2021-06-09 22:35:26,vaccine
104,AsepIwanSH1,@GreenStone98 @univ_indonesia @UGMYogyakarta @itbofficial @ipbofficial @unpad @UndipSemarang @UB_Official‚Ä¶ https://t.co/Z1LpGZ9atQ,2021-06-09 19:17:48,vaccine
105,AsepIwanSH1,@GreenStone98 @univ_indonesia @UGMYogyakarta @itbofficial @ipbofficial @unpad @UndipSemarang @UB_Official‚Ä¶ https://t.co/NkfRRQUyDp,2021-06-09 19:04:07,vaccine
106,AsepIwanSH1,@GreenStone98 @univ_indonesia @UGMYogyakarta @itbofficial @ipbofficial @unpad @UndipSemarang @UB_Official‚Ä¶ https://t.co/r0W6Ontd7H,2021-06-09 18:54:26,vaccine
107,AsepIwanSH1,@GreenStone98 @univ_indonesia @UGMYogyakarta @itbofficial @ipbofficial @unpad @UndipSemarang @UB_Official‚Ä¶ https://t.co/sZE8F6XgJv,2021-06-09 16:52:47,vaccine
108,AsepIwanSH1,@GreenStone98 @univ_indonesia @UGMYogyakarta @itbofficial @ipbofficial @unpad @UndipSemarang @UB_Official‚Ä¶ https://t.co/6zEutH6AJN,2021-06-09 16:31:49,vaccine
109,Awidena6476,"@ferdiriva .......
Mau nunggu sinopharm katanya. Tapi bilangnya lagi vaksin nusantara lebih bagus krn milik anak ba‚Ä¶ https://t.co/Vo7gkUUI2F",2021-06-09 13:53:29,vaccine
110,unitrh,"@PradytaAnanda Oh, sinopharm buat yg vaksin gotong royong ya?",2021-06-09 13:42:34,vaccine
111,djaycoholyc,"Tapi bener ya sejak vaksin ini obrolan pas meetup orang2 sekarang jadi

A: Eh lu kemaren dapet vaksin apaa? 
B: Gue‚Ä¶ https://t.co/SuSUHhCd9g",2021-06-09 13:35:03,vaccine
112,mayonaise_sauce,"Ada jg tetangga gua kayak gini:
Gua: knp gk mau ikut vaksinasi?
üßí: gk mau sinovac buatan china komunis, AZ buatan k‚Ä¶ https://t.co/5T1yLXdZ8n",2021-06-09 12:47:44,vaccine
113,beritamimika1,PT Freeport Indonesia Gunakan Vaksin Sinopharm https://t.co/7ZI9aYO21e https://t.co/r32Ktfk2u9,2021-06-09 12:43:52,vaccine
114,PradytaAnanda,@unitrh Agak pede bgt ya temennya. Sinopharm bs dpt lbh cpt kalo perusahaan-kantor yg daftar di vaksin gotong royon‚Ä¶ https://t.co/Ij91RGizA6,2021-06-09 09:45:57,vaccine
115,senkompaspro,"Selamat Malam, Pantauan arus lalu lintas Tol Pasuruan - Probolinggo saat ini terpantau landai lancar, tetap kendali‚Ä¶ https://t.co/e5oHiup94E",2021-06-10 16:00:10,pencegahan atau pengobatan
116,AyoAjaOrangnya,Alhamdulillah. Saya sudah di VAKSIN! #AstraZeneca sebagai bentuk ikhtiar pencegahan penyakit COVID-19. Terima kasih‚Ä¶ https://t.co/pa4db8sbfS,2021-06-10 15:59:30,pencegahan atau pengobatan
117,PDI_Perjuangan,"Bupati Maryoto: Kepatuhan Warga Tulungagung Terapkan Prokes Capai 85 %.

Bupati Maryoto Birowo mengapresiasi kepatu‚Ä¶ https://t.co/BQcbdi2V3W",2021-06-10 15:50:55,pencegahan atau pengobatan
118,kebijakananies,"Pemprov DKI Jakarta mulai beri vaksin Covid-19 untuk warga usia 18 tahun ke atas
https://t.co/5PygTekngP
""Betul, se‚Ä¶ https://t.co/Beg4QXiclO",2021-06-10 15:46:11,pencegahan atau pengobatan
119,Semar_Mendem_,@Bangsuma_ @Dinda_Bestari_ Kita harus saling membantu dalam pencegahan dan penanganan covid-19,2021-06-10 15:24:42,pencegahan atau pengobatan
120,humaspoldagtlo,Polri optimalkan peran Bhabinkamtibmas dalam upaya pengendalian dan pencegahan Covid-19 https://t.co/qN9ruNfxyd,2021-06-10 15:18:30,pencegahan atau pengobatan
121,humaspoldagtlo,Polri optimalkan peran Bhabinkamtibmas dalam upaya pengendalian dan pencegahan Covid-19 https://t.co/b4S1EeavcG,2021-06-10 15:17:10,pencegahan atau pengobatan
122,humaspoldagtlo,Polri optimalkan peran Bhabinkamtibmas dalam upaya pengendalian dan pencegahan Covid-19 https://t.co/f3wb1IfPF9,2021-06-10 15:13:56,pencegahan atau pengobatan
123,BPOM_Manokwari,"#SahabatBPOM, berikut Penjelasan Badan POM mengenai Informasi Penggunaan Ivermectin

Selengkapnya dapat dilihat pad‚Ä¶ https://t.co/LPJoDOgjyt",2021-06-10 15:11:45,pencegahan atau pengobatan
124,Polsek_smgutara,"PENCEGAHAN COVID - 19

Mari kita bersama cegah penyebaran Covid - 19 dengan tetap selalu disiplin dalam menerapkan‚Ä¶ https://t.co/m0ToQ4eeh5",2021-06-10 14:56:29,pencegahan atau pengobatan
125,diyono78941258,"Penyemprotan disenfektan,dalam rangka pencegahan covid 19 https://t.co/8FaZz52fvm",2021-06-10 14:45:28,pencegahan atau pengobatan
126,kejatisulut,5. Menuju Wilayah Birokrasi Bersih dan Melayani (WBBM). Kegiatan pemasangan bener ini di laksanakan dengan menerapk‚Ä¶ https://t.co/PUzjtOnc3a,2021-06-10 14:32:42,pencegahan atau pengobatan
127,menarmed,Kegiatan pengesahan Resimen Armed 1/Sthira Yudha/1 Kostrad ini digelar dengan menomorsatukan protokol kesehatan pen‚Ä¶ https://t.co/UX8emM8SSV,2021-06-10 14:27:27,pencegahan atau pengobatan
128,SektorSepatan,"Stop Nobar!
Nonton bola di rumah aja

Guna menghindari kerumunan dan sebagai pencegahan penyebaran Covid-19, Polri‚Ä¶ https://t.co/ANAamDKcVf",2021-06-10 13:58:54,pencegahan atau pengobatan
129,Polsek_IT_2,Kegiatan pengawalan distribusi Vaksin Covid-19 guna mendukung program pemerintah dalam Vaksinasi pencegahan Virus C‚Ä¶ https://t.co/jNKTEm6Gig,2021-06-10 13:52:29,pencegahan atau pengobatan
130,0727Kodim,Karanganyar - Anggota  Koramil 09/Ngargoyoso melaksanakan patroli pendisiplinan dan kampanye tentang protokol  penc‚Ä¶ https://t.co/oEw7WpNPrs,2021-06-10 13:26:31,pencegahan atau pengobatan
131,acehsatumedia,"#LaranganBerkerumunan
Pada satu sisi upaya pencegahan migrasi covid 19 dengan melarang masyarakat untuk berkurumun‚Ä¶ https://t.co/B1MgVatnBg",2021-06-10 13:26:08,pencegahan atau pengobatan
132,TambunHumas,"Stop Nobar!
Nonton bola di rumah aja

Guna menghindari kerumunan dan sebagai pencegahan penyebaran Covid-19.‚Ä¶ https://t.co/5GlNCTI34I",2021-06-10 13:20:35,pencegahan atau pengobatan
133,Akbar08403003,Pencegahan Covid-19 Dengan Vaksinasi Serta Disiplin Mematuhi Prokes 5M https://t.co/GVSKgh8Gqw,2021-06-10 13:13:48,pencegahan atau pengobatan
134,Akbar08403003,Pencegahan Covid-19 Dengan Vaksinasi Serta Disiplin Mematuhi Prokes 5M https://t.co/gsbRq86W6o,2021-06-10 13:13:38,pencegahan atau pengobatan
135,Akbar08403003,Pencegahan Covid-19 Dengan Vaksinasi Serta Disiplin Mematuhi Prokes 5M https://t.co/5MPLFbdWT0,2021-06-10 13:13:27,pencegahan atau pengobatan
136,BinmasSamosir,"Pada Hari Kamis Tanggal 10 Juni 2021 Bhabinkamtibmas  Polsek Pangururan AIPDA HL. SITUMORANG Melaksanakan  
Kegiata‚Ä¶ https://t.co/uBhYKEaMun",2021-06-10 13:11:03,pencegahan atau pengobatan
137,BinmasSamosir,Pada Hari Kamis Tanggal 10 Juni 2021 Kanit Binmas Polsek Simanindo BRIPKA EFENDI SIREGAR Melaksanakan Kegiatan Ruti‚Ä¶ https://t.co/GUuzjn9ueJ,2021-06-10 13:01:24,pencegahan atau pengobatan
138,pendim1505,Babinsa Bersama Tim Medis Melaksanakan Sosialisa Pencegahan dan Penanggulangan Virus Covid-19 https://t.co/YetavXUQGy,2021-06-10 12:52:13,pencegahan atau pengobatan
139,kodim1003kdg,Serda Surahmad Dampingi Kepala Puskesmas Pasungkan pada Pelaksanaan Sosialisasi pencegahan¬†Covid-19 https://t.co/CVLUFjC3am,2021-06-10 12:45:27,pencegahan atau pengobatan
140,lpppadang,"Lembaga Pemasyarakatan Perempuan Kelas IIB Padang kembali lakukan penyemprotan disinfektan pada ruangan petugas, ka‚Ä¶ https://t.co/jcUHB4H9zY",2021-06-10 12:36:30,pencegahan atau pengobatan
141,BandaraGrogol,UpayaPolsek Grogol dalam pembinaan kepada masyarakat yang ada di lingkungan pemukiman  untuk berpartisipasi dalam u‚Ä¶ https://t.co/d8Ojq6go8q,2021-06-10 12:26:10,pencegahan atau pengobatan
142,SatpolPPTambora,3 Pilar Kec. Tambora Kota Adm. Jakarta Barat Melaksanakan Giat Operasi Tertib Masker Dalam Upaya Pencegahan Penyeba‚Ä¶ https://t.co/R2JZHmtarl,2021-06-10 12:25:38,pencegahan atau pengobatan
143,SatpolPPTambora,3 Pilar Kec. Tambora Kota Adm. Jakarta Barat Melaksanakan Giat Operasi Tertib Masker Dalam Upaya Pencegahan Penyeba‚Ä¶ https://t.co/MDqTISUZ8k,2021-06-10 12:20:42,pencegahan atau pengobatan
144,SemarangHumas,Anggota TNI-Polri bersama instansi terkait melaksanakan penyemprotan disinfektan secara serentak guna upaya pencega‚Ä¶ https://t.co/LxugWRfO8R,2021-06-10 12:01:58,pencegahan atau pengobatan
145,ta_lantas,"Dalam Rangka Pencegahan Penyebaran Covid-19, Polres Tulungagung dan Tim Gugus Tugas Covid-19 Menggelar Ops Yustisi‚Ä¶ https://t.co/Z5FmWja3bK",2021-06-10 11:52:05,pencegahan atau pengobatan
146,Abdilla63598824,Sosialisasi PPKM skala mikro dan  Prokes  dalan  upaya pencegahan Penyebaran  Covid -19 di  Dusun  Jawai  Desa Lint‚Ä¶ https://t.co/Der5ZCEAd0,2021-06-10 11:52:03,pencegahan atau pengobatan
147,Hendro127278466,Penfampingan penyemprotan dilokasi  pekon way rilau bersama babinsa.bidan desa.kepala pekon dan relawan covid 19.ya‚Ä¶ https://t.co/eVYRBduf9Q,2021-06-10 11:39:29,pencegahan atau pengobatan
148,ppid_purwakarta,"Sampurasun #sobatnet istimewa.. 
Berikut ini kami informasikan update terbaru penanganan pencegahan Covid-19 di Pur‚Ä¶ https://t.co/3mCS61X75m",2021-06-10 11:36:56,pencegahan atau pengobatan
149,DiskominfoPWK,"Sampurasun #sobatnet istimewa.. 
Berikut ini kami informasikan update terbaru penanganan pencegahan Covid-19 di Pur‚Ä¶ https://t.co/7gSG04njlR",2021-06-10 11:35:41,pencegahan atau pengobatan
150,YkaKotagede34,"Kamis 10 Juni 2021 pkl. 06.30 WIB bertempat di Pasar legi kotagede ,jl gedongkuning dan jl raden ronggo ,unit patro‚Ä¶ https://t.co/iwugwnnuKx",2021-06-10 11:32:23,pencegahan atau pengobatan
151,PolsekBanyusari,"Giat Sambang Personel Polsek Banyusari.
Sosialisasi dan pemberian edukasi pencegahan
penyebaran Virus Covid-19 di t‚Ä¶ https://t.co/aAMzip1PbM",2021-06-10 11:18:40,pencegahan atau pengobatan
152,PolsekBanyusari,"Giat Sambang Personel Polsek Banyusari.
Sosialisasi dan pemberian edukasi pencegahan
penyebaran Virus Covid-19 di t‚Ä¶ https://t.co/wNEW4xiJ8T",2021-06-10 11:18:32,pencegahan atau pengobatan
153,PolsekBanyusari,"Giat Sambang Personel Polsek Banyusari.
Sosialisasi dan pemberian edukasi pencegahan
penyebaran Virus Covid-19 di t‚Ä¶ https://t.co/tIeKD2sSVA",2021-06-10 11:18:24,pencegahan atau pengobatan
154,PolsekBanyusari,"Giat Sambang Personel Polsek Banyusari.
Sosialisasi dan pemberian edukasi pencegahan
penyebaran Virus Covid-19 di t‚Ä¶ https://t.co/f1p23URlMy",2021-06-10 11:18:16,pencegahan atau pengobatan
155,PolsekBanyusari,"Giat Sambang Personel Polsek Banyusari.
Sosialisasi dan pemberian edukasi pencegahan
penyebaran Virus Covid-19 di t‚Ä¶ https://t.co/icim4Jpo08",2021-06-10 11:18:09,pencegahan atau pengobatan
156,PolsekBanyusari,"Giat Sambang Personel Polsek Banyusari.
Sosialisasi dan pemberian edukasi pencegahan
penyebaran Virus Covid-19 di t‚Ä¶ https://t.co/7oYqv5GwzR",2021-06-10 11:18:00,pencegahan atau pengobatan
157,PolsekBanyusari,"Giat Sambang Personel Polsek Banyusari.
Sosialisasi dan pemberian edukasi pencegahan
penyebaran Virus Covid-19 di t‚Ä¶ https://t.co/XKuO6OOGTX",2021-06-10 11:17:52,pencegahan atau pengobatan
158,PolsekBanyusari,"Giat Sambang Personel Polsek Banyusari.
Sosialisasi dan pemberian edukasi pencegahan
penyebaran Virus Covid-19 di t‚Ä¶ https://t.co/WNcOsfw65Y",2021-06-10 11:17:42,pencegahan atau pengobatan
159,PolsekBanyusari,"Giat Sambang Personel Polsek Banyusari.
Sosialisasi dan pemberian edukasi pencegahan
penyebaran Virus Covid-19 di t‚Ä¶ https://t.co/I8Orvv9BTj",2021-06-10 11:17:34,pencegahan atau pengobatan
160,PolsekBanyusari,"Giat Sambang Personel Polsek Banyusari.
Sosialisasi dan pemberian edukasi pencegahan
penyebaran Virus Covid-19 di t‚Ä¶ https://t.co/1PFzav1Ez9",2021-06-10 11:17:27,pencegahan atau pengobatan
161,hariankompas,Pandemi Covid-19 memberi banyak pelajaran bagi kita. Salah satunya adalah arti penting rakyat yang berdaya dalam me‚Ä¶ https://t.co/NbtDlQYEBv,2021-06-10 11:00:02,pencegahan atau pengobatan
162,HumasSKKMigas,pada Selasa (8/6) dengan mengikuti protokol pencegahan Covid-19. Turut hadir pada acara tersebut adalah Kepala SKK‚Ä¶ https://t.co/DHPd8lRUOG,2021-06-10 10:59:23,pencegahan atau pengobatan
163,AstroRadioNews,"- PDRM menahan seramai 907 individu semalam atas pelbagai kesalahan ingkar SOP pencegahan COVID-19.

- Sebanyak 75‚Ä¶ https://t.co/DID5KN3Oc8",2021-06-10 10:56:16,pencegahan atau pengobatan
164,ProVokasi_UI,Yuk tunjukkan kreativitas KawanVoks dalam memberikan edukasi pencegahan penularan Covid-19 dengan protokol kesehata‚Ä¶ https://t.co/F1yjhrMDi4,2021-06-10 10:49:57,pencegahan atau pengobatan
165,BPOM_RI,Penelitian untuk pencegahan maupun pengobatan COVID-19 yang sudah dipublikasikan menyatakan bahwa Ivermectin memili‚Ä¶ https://t.co/he3NCsAzPj,2021-06-10 10:46:01,pencegahan atau pengobatan
166,HumasPolsekKed4,"Patroli kewilayahan ke SPBU dan Alfamart, Bripka Surono dan Bripka Wawan. S sampaikan himbauan kamtibmas antisipas‚Ä¶ https://t.co/qS7HOyANbX",2021-06-10 10:45:31,pencegahan atau pengobatan
167,kejatisulut,"4. Danlantamal Kol Marinir I Wayan Ariwijaya, SE, Kabinda Kolonel Laut (P) Ardriansyah, Sekda Prov Sulut Edwin Sila‚Ä¶ https://t.co/3xLFYKS0xP",2021-06-10 10:37:27,pencegahan atau pengobatan
168,kretek_polsek,Giat penyemprotan disinfektan oleh FPRB di dusun kergan tirtomulyo kretek bantul dalam rangka pencegahan penyebaran‚Ä¶ https://t.co/8RpfP52cVM,2021-06-10 10:34:37,pencegahan atau pengobatan
169,BPOM_Manokwari,"#SahabatBPOM, berikut Penjelasan Badan POM mengenai Informasi Penggunaan Ivermectin

Selengkapnya dapat dilihat pad‚Ä¶ https://t.co/LPJoDOgjyt",2021-06-10 15:11:45,pencegahan atau pengobatan
170,duwilestari02,"VAKSINASI COVID-19

Note:
1. Untuk Vaksin ke 2, jarak sudah lebih 28 hari
2. Tidak sedang menjalani pengobatan jang‚Ä¶ https://t.co/on168MW7aC",2021-06-10 12:42:38,pencegahan atau pengobatan
171,BPOM_RI,Penelitian untuk pencegahan maupun pengobatan COVID-19 yang sudah dipublikasikan menyatakan bahwa Ivermectin memili‚Ä¶ https://t.co/he3NCsAzPj,2021-06-10 10:46:01,pencegahan atau pengobatan
172,MNCkoranSINDO,"Lonjakan Covid-19 Jatim dan Jateng, Satgas: Terapkan Pencegahan Sebelum Pengobatan https://t.co/TUhOVvJG4K",2021-06-10 00:01:29,pencegahan atau pengobatan
173,okezonenews,"Belajar dari Lonjakan Kasus Covid-19, Terapkan Pencegahan Sebelum Pengobatan #LengkapCepatBeritanya #BeritaTerkini‚Ä¶ https://t.co/MW9RBZZzyP",2021-06-09 22:10:46,pencegahan atau pengobatan
174,GED0NG,"@null Belajar dari Lonjakan Kasus Covid-19, Terapkan Pencegahan Sebelum Pengobatan Ter  https://t.co/zscR762B30",2021-06-09 22:10:23,pencegahan atau pengobatan
175,oki_Humas,"Dalam rangka menindaklanjuti Program Prioritas Kapolri pada Program Dukungan Polri dalam Penanganan Covid 19, Kapol‚Ä¶ https://t.co/KZYpHj6Zey",2021-06-09 15:47:13,pencegahan atau pengobatan
176,okezonenews,"Dalam konsultasinya, Dr Dickson meresepkan obat-obatan seperti ivermectin yang merupakan pengobatan untuk kutu dan‚Ä¶ https://t.co/h9Tg5KOWTj",2021-06-09 04:30:00,pencegahan atau pengobatan
177,Momovele,"Hal ini diumumkan oleh Dr. Stephen Quay, CEO Atosa Therapeutics, yang mengembangkan pengobatan untuk kanker payudar‚Ä¶ https://t.co/8tfBKOhBZq",2021-06-08 12:11:56,pencegahan atau pengobatan
178,Warta_MUI,"Di Webinar MUI, Pakar: Herbal Berpotensi Jadi Obat Alternatif Covid-19. ‚Äì JAKATA‚Äî Obat-obatan tradisional bisa menj‚Ä¶ https://t.co/t8APtUOMbT",2021-06-08 08:08:10,pencegahan atau pengobatan
179,kompascom,Ilmuwan di George Mason University teliti potensi obat herbal RDS untuk pengobatan Covid-19. Hasil sementara tunjuk‚Ä¶ https://t.co/EyEAlNJshf,2021-06-08 06:53:07,pencegahan atau pengobatan
180,katzen_jammer,@BungaDaeng1 Ivermectin sudah digunakan secara luas di beberapa negara untuk pengobatan pasien covid 19 dan terbukti efektif menyembuhkan.,2021-06-08 05:07:35,pencegahan atau pengobatan
181,drpriono1,Pemerintah India sadar bahwa petugas kesehatan abuse dalam pengobatan Covid-19. Pihak Kemenkes India membuat pedoma‚Ä¶ https://t.co/KweiGeZejh,2021-06-08 04:20:04,pencegahan atau pengobatan
182,Bisniscom,Para Ilmuwan Mengeksplor Pengobatan Herbal Untuk COVID-19 https://t.co/phurAyjyWr,2021-06-07 12:28:34,pencegahan atau pengobatan
183,LtdAkbar,"Nggak semua nakes paham dan gak semua yg paham itu ahli. Ini bergantung dr spesialisasi dan concernnya aja. 
Terden‚Ä¶ https://t.co/IP0E2rOeTd",2021-06-06 10:13:02,pencegahan atau pengobatan
184,RepelitaO,"Kunjungi Korea Selatan, Luhut Tinjau Pengembangan Pengobatan Covid-19 https://t.co/S5fxIXiVg1 lewat @Onlineindo News",2021-06-06 09:14:11,pencegahan atau pengobatan
185,ahongpleong,"Selain pengobatan medis dan perjuangan, COVID-19 dapat dilawan dengan jalan perenungan kebudayaan sebagai akar heni‚Ä¶ https://t.co/NQ5kJy3AzZ",2021-06-06 08:51:36,pencegahan atau pengobatan
186,merdekadotcom,Pasukan TNI dan Polri akan Ditambah Bantu PPKM Mikro di Pati: Pasukan TNI bersama anggota kepolisian akan membantu‚Ä¶ https://t.co/APXbkzrbXR,2021-06-05 18:35:08,pencegahan atau pengobatan
187,irwank2k2,"@SPlandemic 1)
https://t.co/musrwY8lR5
Alhamdulillah saya tdk minum
https://t.co/QfVo3TwHpm
Sejauh ini azithromycin‚Ä¶ https://t.co/Mk4J7rz7u8",2021-06-05 16:25:51,pencegahan atau pengobatan
188,pikiran_rakyat,"Kunjungi Korea Selatan, Luhut Tinjau Pengembangan Pengobatan Covid-19 https://t.co/tG63RuHJ7e",2021-06-05 11:20:33,pencegahan atau pengobatan
189,usaidindonesia,Inovasi terus berjalan dan jarak bukan halangan! Kami membekali tenaga kesehatan Indonesia dengan pengetahuan tenta‚Ä¶ https://t.co/XVot2Chrom,2021-06-05 09:50:03,pencegahan atau pengobatan
190,igoen_anindya,"Miris ya...
Selain karna msh byk yg nganggap enteng Covid 19,msh trlalu byk jg politisi &amp; pemuka agama yg justru ng‚Ä¶ https://t.co/Hhtq49YwfH",2021-06-05 01:35:15,pencegahan atau pengobatan
191,kumparanplus,Hoaks perusahaan bioteknologi Australia kembangkan pengobatan efek samping vaksin COVID-19. Cek faktanya.‚Ä¶ https://t.co/rAkTEuVus5,2021-06-04 12:21:02,pencegahan atau pengobatan
192,Husnudin_as,"vaksin adalah salah satu langkah pencegahan, bukan pengobatan. Jadi, meski akan menerima vaksin COVID-19, kamu teta‚Ä¶ https://t.co/rUOHzQMByA",2021-06-04 01:31:00,pencegahan atau pengobatan
193,FMB9ID_,"Masa pandemi ternyata tidak membuat hoaks berhenti. Masih ada saja beredar hoaks soal pandemi, pengobatan dan penan‚Ä¶ https://t.co/wArWnibzTk",2021-06-03 06:23:47,pencegahan atau pengobatan
194,cirtbuleleng,Perusahaan Bioteknologi Australia Kembangkan Pengobatan Mencegah Kematian akibat Vaksin Covid-19 https://t.co/SKVUv9ehMc,2021-06-02 23:49:54,pencegahan atau pengobatan
195,Hendro127278466,Penfampingan penyemprotan dilokasi  pekon way rilau bersama babinsa.bidan desa.kepala pekon dan relawan covid 19.ya‚Ä¶ https://t.co/eVYRBduf9Q,2021-06-10 11:39:29,pencegahan atau pengobatan
196,Lullabeehw,@chiizz13 tos virtual sekalian pencegahan penularan virus corona wkwwk,2021-06-10 10:26:41,pencegahan atau pengobatan
197,bennychandra,"Apakah selama ini tdk pernah ada sosialisasi soal Covid-19, virus corona, dan cara pencegahan penularannya secara l‚Ä¶ https://t.co/VXjtIw4KpT",2021-06-10 10:10:00,pencegahan atau pengobatan
198,jabarsaberhoaks,"50 PERSEN STAF PUSAT PENGENDALIAN DAN PENCEGAHAN PENYAKIT AS TOLAK VAKSIN CORONA
Beredar informasi di FB, 40 hingga‚Ä¶ https://t.co/K86agO8M4H",2021-06-10 10:00:00,pencegahan atau pengobatan
199,0318natuna2020,Sertu L.Gultom Pers Koramil 05/Midai monitoring dan pengamanan pelaksanaan pemakaman pasien REAKTIF COVID 19 oleh T‚Ä¶ https://t.co/NGLVI7qhcV,2021-06-10 09:16:48,pencegahan atau pengobatan
200,mcreativepky,"Bentuk Pencegahan Bhabinkamtibmas Dari Corona, Sosialisasi Protokol¬†Kesehatan https://t.co/8CzzsY0HBc",2021-06-10 09:05:38,pencegahan atau pengobatan
201,CibarusahHumas,"Upaya pencegahan penyebaran virus Corona terus dilakukan, unit patroli BRIPKA SUMITRO dan AIPTU BAUM melaksanakan k‚Ä¶ https://t.co/6hR3ZAlmnD",2021-06-10 08:10:53,pencegahan atau pengobatan
202,satlantas_kudus,Anggota bersama satlantas polres jajaran dan instansi lain melaksanakan penling dalam rangka pencegahan penularan v‚Ä¶ https://t.co/zJPm21KDos,2021-06-10 07:15:37,pencegahan atau pengobatan
203,satlantas_kudus,Anggota melaksanakan  Apel Gabungan  satlantas polres jajaran dan instansi lain guna giat Dikmas serta penling dala‚Ä¶ https://t.co/cDK62AEMpl,2021-06-10 07:14:14,pencegahan atau pengobatan
204,Kodim_1013Mtw,Memutus mata rantai penyebaran Covid-19 Babinsa Koramil 15/Seribu Riam Serda Agustinus bersama Bhabinkamtibmas Pols‚Ä¶ https://t.co/1d16FiZsTg,2021-06-10 07:13:30,pencegahan atau pengobatan
205,Polsekbinjaiko2,"Pada hari Kamis tanggal 10 Juni 2021 Pukul 11.00 s/d 12.00 Wib, Polsek Binjai Kota telah melaksanakan kegiatan PPKM‚Ä¶ https://t.co/xhMur2x3No",2021-06-10 07:03:50,pencegahan atau pengobatan
206,chachakartini,"Byk tmn gw non army bahkan non kpop order ojol buat seru2an ""berburu"" buat konten, Udahannya ""apaan ih cuma nuggets‚Ä¶ https://t.co/6lqdsIxexw",2021-06-10 05:37:20,pencegahan atau pengobatan
207,SeiBingai,"Kegiatan personil Polsek Sei Bingai dalam rangka pencegahan penyebaran virus corona ( Covid-19 )

#lawancorona‚Ä¶ https://t.co/gL5ns7WQeV",2021-06-10 04:59:08,pencegahan atau pengobatan
208,CibarusahHumas,"Upaya pencegahan penyebaran virus Corona terus dilakukan, unit patroli BRIPKA SUMITRO dan AIPTU BAUM melaksanakan k‚Ä¶ https://t.co/AKnsNccS7x",2021-06-10 04:48:38,pencegahan atau pengobatan
209,GusHanies,Saya mengawali kegiatan hari ini dengan rapat koordinasi dan evaluasi penggunaan dana desa untuk mendukung pelaksan‚Ä¶ https://t.co/TMCM9zib3V,2021-06-10 04:23:06,pencegahan atau pengobatan
210,AiptuMisnan,Operasi Yustisi dalam rangka peningkatan disiplin dan penegakan hukum Protokol Kesehatan pencegahan penyebaran Viru‚Ä¶ https://t.co/djwwEmaNTs,2021-06-10 03:35:14,pencegahan atau pengobatan
211,AiptuMisnan,Operasi Yustisi dalam rangka peningkatan disiplin dan penegakan hukum Protokol Kesehatan pencegahan penyebaran Viru‚Ä¶ https://t.co/ealyzBEkwg,2021-06-10 03:32:02,pencegahan atau pengobatan
212,militan_nkri,@Namaku_Mei Hukum APA yg berlaku Di Indonesia sih? kjahatan berkembang Biak(hoax &amp; fitnah)bnyak langgar prokes penc‚Ä¶ https://t.co/tMSEhVaFBe,2021-06-10 02:49:50,pencegahan atau pengobatan
213,AiptuMisnan,Operasi Yustisi dalam rangka peningkatan disiplin dan penegakan hukum Protokol Kesehatan pencegahan penyebaran Viru‚Ä¶ https://t.co/R71dpGty3x,2021-06-10 02:23:29,pencegahan atau pengobatan
214,Uni12066028,"*PENCEGAHAN, PENYEBARAAN VIRUS CORONA DI MAKO POLSEK TIGA JUHAR, dilakukan Penyemprotan Antiseptic di Mako Polsek T‚Ä¶ https://t.co/poLyU4CnX2",2021-06-10 01:51:15,pencegahan atau pengobatan
215,ArdanNews,"Sikapi Temuan Virus Corona Varian Delta, Perusahaan Di Guangzhou Pakai Kendaraan Tanpa Pengemudi: Kota Guangzhou di‚Ä¶ https://t.co/bXxz3gcSJD",2021-06-09 21:43:03,pencegahan atau pengobatan
216,infopubliksolok,[DISINFORMASI] 50 Persen Staf Pusat Pengendalian dan Pencegahan Penyakit AS Tolak Vaksin¬†Corona https://t.co/yEoNaeUf57,2021-06-09 14:13:31,pencegahan atau pengobatan
217,Koramilbayan1,"MELALUI KOMSOS, BABINSA DESA PUCANGAGUNG KOPTU TOFIK WIDAYAT KORAMIL 02 BAYAN MAKSIMALKAN PENCEGAHAN VIRUS CORONA D‚Ä¶ https://t.co/ZVw5te50yM",2021-06-09 14:07:13,pencegahan atau pengobatan
218,falling_don,Personil Polsek Liang Laksanakan Suntik.Vaksin Pencegahan Corona.09/06 https://t.co/oMhzneB88d,2021-06-09 13:23:08,pencegahan atau pengobatan
219,kompascom,Wiku mengingatkan bahwa PTM wajib digelar dengan menerapkan protokol kesehatan pencegahan penularan virus corona ya‚Ä¶ https://t.co/G5oBnnc2wE,2021-06-09 12:30:04,pencegahan atau pengobatan
220,detolviral,"Efek BTS Meal, McDonalds Kebanjiran Orderan, Layanan di Grab Food dan Go Food Tutup.
Polisi menutup gerai¬†McDonald'‚Ä¶ https://t.co/rUbICTAb8U",2021-06-09 10:16:35,pencegahan atau pengobatan
221,PolsekPancoran,Bhabinkamtibmas Kel Cikoko Polsek Pancoran Aiptu N.Krisnadi menyerahkan bantuan masker dari Polres Metro Jaksel kep‚Ä¶ https://t.co/IUfjmD5fRb,2021-06-09 09:45:22,pencegahan atau pengobatan
222,SeiBingai,"Kegiatan personil Polsek Sei Bingai dalam rangka pencegahan penyebaran virus corona ( Covid-19 )

#lawancorona‚Ä¶ https://t.co/DPQQ5O2Had",2021-06-09 07:13:22,pencegahan atau pengobatan
223,VIVAcoid,[VIDEO] Pemda Kudus Terus Upaya Pencegahan Penyebaran Corona https://t.co/JN49JVnQya #vlix,2021-06-09 07:10:08,pencegahan atau pengobatan
224,Polsekbinjaiko2,"Pada hari Rabu tanggal 09 Juni 2021, Polsek Binjai Kota  telah melaksanakan kegiatan PPKM dan Ops Yustisi di Kec Bi‚Ä¶ https://t.co/IxTiMb4ZnF",2021-06-09 07:08:07,pencegahan atau pengobatan
225,MagetanPolres55,"Kegiatan Operasi Yustisi Penertiban Protokol Kesehatan dan 
Publik Adress Kepada Pengunjung Pasar Serta Memberikan‚Ä¶ https://t.co/JIiKig7D1b",2021-06-09 07:03:27,pencegahan atau pengobatan
226,AhmadNorMaulana,"Angka Kasus Menurun, Pemda Kudus Terus Upaya Pencegahan Penyebaran Corona | Kabar Siang tvOne‚Ä¶ https://t.co/6RDQ77senq",2021-06-09 07:01:08,pencegahan atau pengobatan
227,satlantas_kudus,Anggota melaksanakan  Apel Gabungan  satlantas polres jajaran dan instansi lain guna giat Dikmas serta penling dala‚Ä¶ https://t.co/BCqz9Tj430,2021-06-09 06:44:27,pencegahan atau pengobatan
228,KODIM_1409,Di Dusun Bulo-Bulo Desa Pencong Kec.Biringbulu Kab.Gowa Kopda Supriadi (Babinsa Desa Pencong Koramil 1409-07/Tompob‚Ä¶ https://t.co/0Eg1WOTK5I,2021-06-09 06:43:06,pencegahan atau pengobatan
229,Humas_Pwt_Utara,"(Purwokerto,Rabu,09/06/2021)
Bhabinkamtibmas Aipda Deni Yulianto,SH bersama Babinsa Sertu Muh.Tarom dan Seklur Thei‚Ä¶ https://t.co/AIZB1o5Mlm",2021-06-09 05:52:09,pencegahan atau pengobatan
230,gen1031fmsby,"Sobat GEN, naiknya kasus corona di Bangkalan, Madura, membuat Pemerintah melakukan pencegahan dengan penyekatan di‚Ä¶ https://t.co/iXamdhJ3jG",2021-06-09 04:14:38,pencegahan atau pengobatan
231,humas_kidul,"Pada hari
Rabu tanggal, 09 Juni 2021, Polsek Bandung Kidul melaksanakan Operasi Yustisi Gakplin Inpres No. 6 thn 20‚Ä¶ https://t.co/4gFwVREEnJ",2021-06-09 04:06:22,pencegahan atau pengobatan
232,CibarusahHumas,"Upaya pencegahan penyebaran virus Corona terus dilakukan, personil Polsek yang dipimpin oleh Kanit patroli IPDA IND‚Ä¶ https://t.co/1Dptxxx8r1",2021-06-09 03:59:57,pencegahan atau pengobatan
233,AiptuMisnan,Operasi Yustisi dalam rangka peningkatan disiplin dan penegakan hukum Protokol Kesehatan pencegahan penyebaran Viru‚Ä¶ https://t.co/8vfPQy1Vye,2021-06-09 03:39:26,pencegahan atau pengobatan
234,AiptuMisnan,Operasi Yustisi dalam rangka peningkatan disiplin dan penegakan hukum Protokol Kesehatan pencegahan penyebaran Viru‚Ä¶ https://t.co/dq5zxvLdhF,2021-06-09 03:27:56,pencegahan atau pengobatan
235,twbsugar,Sangat menyayangkan keputusan kantor perihal pencegahan virus corona tanpa adanya keringanan biaya untuk pemeriksaa‚Ä¶ https://t.co/sZ1UOXUCCV,2021-06-09 03:18:57,pencegahan atau pengobatan
236,Uni12066028,"*PENCEGAHAN, PENYEBARAAN VIRUS CORONA DI MAKO POLSEK TIGA JUHAR, dilakukan Penyemprotan Antiseptic di Mako Polsek T‚Ä¶ https://t.co/mww3OP9LHg",2021-06-09 02:07:36,pencegahan atau pengobatan
237,AiptuMisnan,Operasi Yustisi dalam rangka peningkatan disiplin dan penegakan hukum Protokol Kesehatan pencegahan penyebaran Viru‚Ä¶ https://t.co/hHhbMuWuaO,2021-06-09 01:07:28,pencegahan atau pengobatan
238,satbrimobda,"Virus Corona Masih Ada, Personel Kompi I Batalyon C Pelopor Satuan Brimob Polda Sultra Lakukan Pencegahan Dengan Ru‚Ä¶ https://t.co/U3GmV6Sk9h",2021-06-08 15:14:01,pencegahan atau pengobatan
239,koramil10bruno,Babinsa koramil 10/brn serda kirman melaksanakan pembagian masker kepada warga binaan sebagai antisipasi pencegahan‚Ä¶ https://t.co/F9UEOVxH2V,2021-06-08 11:40:51,pencegahan atau pengobatan
240,HumasSamarinda,"Selalu disiplin menerapkan protokol kesehatan dalam keseharian
.
Ingat,...
Kita semua adalah garda terdepan dalam u‚Ä¶ https://t.co/HWGmDbNZXH",2021-06-08 08:40:37,pencegahan atau pengobatan
241,satlantas_kudus,"Kasat Lantas Polres Kudus AKP Galuh Pandu P. F., S.H., S.I.K memimpin Apel Gabungan  satlantas polres jajaran dan i‚Ä¶ https://t.co/gO42t53RcZ",2021-06-08 07:04:04,pencegahan atau pengobatan
242,satlantas_kudus,Anggota bersama satlantas polres jajaran dan instansi lain melaksanakan npenling dalam rangka pencegahan penularan‚Ä¶ https://t.co/9ghI764F8r,2021-06-08 06:58:58,pencegahan atau pengobatan
243,satlantas_kudus,Anggota bersama satlantas polres jajaran dan instansi lain melaksanakan npenling dalam rangka pencegahan penularan‚Ä¶ https://t.co/Afx33912eJ,2021-06-08 06:58:29,pencegahan atau pengobatan
244,IndonesiaSehatt,Tetap terapkan protokol kesehatan pencegahan virus corona sekalipun sudah divaksinasi. #BersatuLawanCovid19 https://t.co/PsyzIdloLU,2021-06-08 06:56:44,pencegahan atau pengobatan
245,Polsekbinjaiko2,"Pada hari Selasa tanggal 08 Juni 2021 telah dilaksanakan kegiatan PPKM dan Ops Yustisi di Kec Binjai Kota, terkait‚Ä¶ https://t.co/3Dhab3VxMY",2021-06-08 06:46:37,pencegahan atau pengobatan
246,polsekdolmas,kegiatan Polsek Dolok Masihul terkait Operasi KYD (Kegiatan Yang Ditingkatkan) dalam rangka  peningkatan disiplin d‚Ä¶ https://t.co/kMTTOxH1q6,2021-06-08 06:10:09,pencegahan atau pengobatan
247,polsekdolmas,kegiatan Polsek Dolok Masihul terkait Operasi KYD (Kegiatan Yang Ditingkatkan) dalam rangka  peningkatan disiplin d‚Ä¶ https://t.co/rnNylz8DQL,2021-06-08 06:08:02,pencegahan atau pengobatan
248,SeiBingai,"Kegiatan personil Polsek Sei Bingai dalam rangka pencegahan penyebaran virus corona ( Covid-19 )

#lawancorona‚Ä¶ https://t.co/02GgPpYQbO",2021-06-08 05:03:58,pencegahan atau pengobatan
249,Satpolpp_DIY,Puluhan Pelanggar diberikan sanksi sesuai Pergub 24 Tahun 2021 Tentang Penerapan Disiplin Dan Penegakan Hukum Proto‚Ä¶ https://t.co/kiihUVJGLU,2021-06-08 04:51:05,pencegahan atau pengobatan
250,CibarusahHumas,"Upaya pencegahan penyebaran virus Corona terus dilakukan, personil Polsek Cibarusah yang dipimpin oleh wakapolsek I‚Ä¶ https://t.co/6MsAPxXmBt",2021-06-08 04:31:42,pencegahan atau pengobatan
251,HumasMenteng,KEGIATAN TIGA PILAR PENYEMPROTAN DISINFEKTAN UNTUK PENCEGAHAN / STERILASI PENYEBARAN VIRUS CORONA (COVID-19)‚Ä¶ https://t.co/OmQmHGSQtu,2021-06-08 04:25:26,pencegahan atau pengobatan
252,HumasMenteng,Bhabinkamtibmas Kel. Kebon Sirih bergabung dengan Anggota Polsubsektor Sabang dan Satpol PP maupun Satgas covid mel‚Ä¶ https://t.co/HzUkcEEjwN,2021-06-08 04:04:28,pencegahan atau pengobatan
253,DeliSerdang_Kab,Pemerintah Kecamatan Kedai Durian Melaksanakan Operasi Yustisi Penerapan Disiplin dan Penegakan Hukum Protokol Kese‚Ä¶ https://t.co/iMlbaro49I,2021-06-08 03:48:28,pencegahan atau pengobatan
254,polsek_sw_besar,Patroli Tiga Pilar Sawah Besar dalam rangka pencegahan penyebaran virus corona https://t.co/WGx0qGWRoa,2021-06-08 02:59:34,pencegahan atau pengobatan
255,Uni12066028,"*PENCEGAHAN, PENYEBARAAN VIRUS CORONA DI MAKO POLSEK TIGA JUHAR, dilakukan Penyemprotan Antiseptic di Mako Polsek T‚Ä¶ https://t.co/AQvz8xgKKv",2021-06-08 02:35:55,pencegahan atau pengobatan
256,AiptuMisnan,Operasi Yustisi dalam rangka peningkatan disiplin dan penegakan hukum Protokol Kesehatan pencegahan penyebaran Viru‚Ä¶ https://t.co/NUDZYPfkae,2021-06-08 02:11:25,pencegahan atau pengobatan
257,AiptuMisnan,Operasi Yustisi dalam rangka peningkatan disiplin dan penegakan hukum Protokol Kesehatan pencegahan penyebaran Viru‚Ä¶ https://t.co/dHqrNMFf8X,2021-06-08 02:05:41,pencegahan atau pengobatan
258,PolsekPancoran,Bhabinkamtibmas Kel Kalibata Polsek Pancoran Aiptu M.Taufik membagikan masker kepada warga sebagai upaya pencegahan‚Ä¶ https://t.co/CXSNkJ2mFx,2021-06-08 01:45:51,pencegahan atau pengobatan
259,AiptuMisnan,*Operasi Yustisi dalam rangka peningkatan disiplin dan penegakan hukum Protokol Kesehatan pencegahan penyebaran Vir‚Ä¶ https://t.co/MXaQE3IsqW,2021-06-07 23:07:40,pencegahan atau pengobatan
260,dr_koko28,"@AndiKhomeini Orang2 yang abai kepentingan publik mungkin tidak sedikit juga jumlahnya. Tahapan drama :

1. Tak per‚Ä¶ https://t.co/AelKQmLpo5",2021-06-07 22:24:12,pencegahan atau pengobatan
261,tempodotco,"Otoritas di Kota Guangzhou, sebuah wilayah di selatan Cina, memutuskan memperketat aturan pencegahan penyebaran wab‚Ä¶ https://t.co/CQ2xjIoSLI",2021-06-07 13:33:21,pencegahan atau pengobatan
262,Polsekbinjaiko2,"Pada hari Senin  tanggal 07 Juni 2021 Pukul 10.00 s/d 11.00 Wib, Polsek Binjai Kota telah melaksanakan kegiatan PPK‚Ä¶ https://t.co/cwW9vcmvII",2021-06-07 09:25:42,pencegahan atau pengobatan
263,Abayyyyyy19,"Patuhi protokol kesehatan
Bersama kita lawan Corona

Yuk, saling menjaga dan melindungi satu sama lain dengan selal‚Ä¶ https://t.co/qCgFO9mQOx",2021-06-07 07:49:00,pencegahan atau pengobatan
264,satlantas_kudus,Anggota bersama satlantas polres jajaran dan instansi lain melaksanakan npenling dalam rangka pencegahan penularan‚Ä¶ https://t.co/TmHfp4UprJ,2021-06-07 07:36:50,pencegahan atau pengobatan
265,satlantas_kudus,Kanit Dikyasa memimpin Apel Gabungan  satlantas polres jajaran dan instansi lain guna giat Dikmas serta penling dal‚Ä¶ https://t.co/SUyZhsjGrw,2021-06-07 07:36:05,pencegahan atau pengobatan
266,CibarusahHumas,"Upaya pencegahan penyebaran virus Corona terus dilakukan,Kanit patroli IPDA INDRADI memimpin kegiatan pembagian mas‚Ä¶ https://t.co/C7M74cFOn3",2021-06-07 07:25:34,pencegahan atau pengobatan
267,LtdAkbar,"No 19. Single infection. 
Spt twitku sblmnya ttg koinfeksi (infeksi bbrp virus) ini diperkuat oleh jurnal yg menguj‚Ä¶ https://t.co/opgEf7bUMk",2021-06-10 04:53:41,pencegahan atau pengobatan
268,LtdAkbar,"Pemeriksaan RSV msh pk imunoserologi di lab rujukan üòÅ
Reagent PCR muahal. 
Gak ada dokter meriksain infeksi corona‚Ä¶ https://t.co/cVTdNviwOH",2021-06-09 19:31:04,pencegahan atau pengobatan
269,oposisi_,"Biasanya pasien yg meninggal d RS,
Ahli waris/keluarganya harus membayar administratif pengobatan selama di rawat.‚Ä¶ https://t.co/sdJyffgUrJ",2021-06-03 06:01:27,pencegahan atau pengobatan
270,tolakbigotnkri,"Kegiatan utama berdasarkan fungsi pengendalian, antara lain:
1.Monitoring dan pengendalian pencapaian sasaran/targe‚Ä¶ https://t.co/s9FX7HCtQ2",2021-06-10 15:51:50,perkembangan covid-19
271,infoppkk,"Selamat malam #sobatkriskes, berikut perkembangan Covid-19 di Indonesia tanggal 10 Juni 2021, pkl 16.00 WIB 

Covid‚Ä¶ https://t.co/V91nLoRrnv",2021-06-10 15:11:27,perkembangan covid-19
272,DiskopProvNtb,"Hello Sahabat KUMKM, smpai hari ini pandemi covid-19 blm berakhir, tetap kdepankan prokes, jaga kondisi agar tetap‚Ä¶ https://t.co/T4u8r2vMlB",2021-06-10 15:08:14,perkembangan covid-19
273,sigap88news1,"Cegah Perkembangan Covid 19, Satgas Masif Rapid Test Pengendara di Pelabuhan Kamal¬†Barat https://t.co/AytdhcBB0g",2021-06-10 15:06:25,perkembangan covid-19
274,readers_id,"Tanggal 10 Juni 2021 Perkembangan COVID-19 di Indonesia

Jumlah kasus terkonfirmasi positif COVID19 di Indonesia me‚Ä¶ https://t.co/kE1SB8ZpF0",2021-06-10 15:01:06,perkembangan covid-19
275,pria_kekar,"Airlangga : perkembangan kasus aktif Covid-19 hingga saat ini masih terkendali.
@pepekgorengg
@Caramel79614112‚Ä¶ https://t.co/1AdTLXWmzX",2021-06-10 14:54:07,perkembangan covid-19
276,AshrafMhd,"Walaupun dunia termasuklah Malaysia masih bergelut dengan COVID-19, memberi kesan pada sosial dan ekonomi, saintis‚Ä¶ https://t.co/O6VX7culOQ",2021-06-10 14:32:58,perkembangan covid-19
277,asomantri1967,"#Repost @indonesianinfrankfurt
‚Äî‚Äî
Informasi Perkembangan Covid-19 di wilayah kerja KJRI Frankfurt (10 Juni 2021)‚Ä¶ https://t.co/T0MbMIKqyp",2021-06-10 14:30:35,perkembangan covid-19
278,jeyjohor,"@__annesyomel Akhir sekali YDP akan menerima mengadap KP Kesihatan, Menteri Kesihatan dan Menteri Mosti serta beber‚Ä¶ https://t.co/7sISM14sE6",2021-06-10 14:29:20,perkembangan covid-19
279,CovidLayanan,Berikut ini adalah perkembangan pasien yang terinfeksi Virus Covid-19 serta yang telah sembuh dari Virus Covid-19. https://t.co/iymI2O1izf,2021-06-10 14:01:41,perkembangan covid-19
280,hendrab42681444,Ketua KPCPEN mengatakan perkembangan kasus aktif Covid-19 hingga saat ini masih terkendali tentunya akan memberikan‚Ä¶ https://t.co/deTlthcMlY,2021-06-10 13:54:54,perkembangan covid-19
281,dinkominfo_dmk,"Ndalu #Slurss,,,

Berikut Update Data Perkembangan Covid-19 Kabupaten Demak Kamis, 10 Juni 2021.

Informasi mengena‚Ä¶ https://t.co/oe3XYHfnkY",2021-06-10 13:30:33,perkembangan covid-19
282,pemkabbantul,"Perkembangan Data Kasus Konfirmasi Covid-19
Kabupaten Bantul
10 Juni 2021 https://t.co/cikLEc1HK4",2021-06-10 13:29:09,perkembangan covid-19
283,KemenkesRI,"Update perkembangan vaksinasi COVID-19 di Indonesia, per tanggal 10 Juni 2021 pukul 18.00 WIB.

#VaksinasiNasional https://t.co/GLepW1R4Qr",2021-06-10 13:28:51,perkembangan covid-19
284,humas_jogja,Terdapat pula tabel penambahan per hari serta tabel perkembangan data PDP Covid-19 sejak 07 - 10 Juni 2021 https://t.co/VSzyucm0tJ,2021-06-10 13:28:47,perkembangan covid-19
285,okezonenews,"Update Perkembangan Covid-19, Kasus Positif Meningkat 8.892 #LengkapCepatBeritanya #GayaHidup #lifestyle #Kesehatan‚Ä¶ https://t.co/mlsigxe3TR",2021-06-10 13:21:51,perkembangan covid-19
286,MadyapadmaJP,Update perkembangan Covid-19 Kamis (10/06) https://t.co/d9kL3BI2PG,2021-06-10 13:18:23,perkembangan covid-19
287,diskominfolutim,"Update Perkembangan Covid-19 di Kabupaten Luwu Timur per 10 Juni 2021.

1 sembuh dan 16 kasus baru.

Perbaharui ter‚Ä¶ https://t.co/GTNb50wXN9",2021-06-10 13:15:00,perkembangan covid-19
288,Humas_DinkesPB,"Situasi Terkini Covid-19 di Provinsi Papua Barat
Update 10 JUNI 2021.

https://t.co/3IkvArRNOl‚Ä¶ https://t.co/tWuHkWXB1S",2021-06-10 13:10:21,perkembangan covid-19
289,readers_id,"Tanggal 10 Juni 2021 Perkembangan COVID-19 di Aceh

Jumlah kasus terkonfirmasi positif COVID-19 di Aceh menjadi 16.‚Ä¶ https://t.co/WWBzjfTTOr",2021-06-10 12:50:55,perkembangan covid-19
290,GloriesTania,Ketua KPCPEN Airlangga mengatakan perkembangan kasus aktif Covid-19 masih terkendali yg tentunya akan memberikan da‚Ä¶ https://t.co/1BtL5dnyaj,2021-06-10 12:45:55,perkembangan covid-19
291,voidotid,Pos PPKM Mikro memiliki peran yang sangat penting dalam menekan laju perkembangan Covid-19 https://t.co/UDDs0qpNQ7,2021-06-10 12:11:02,perkembangan covid-19
292,antaranews,"Data perkembangan pandemi COVID-19 Indonesia hingga Kamis (10/6/2021):

Positif 1.885.942 (+8.892)
Sembuh 1.728.914‚Ä¶ https://t.co/yorxV0RtNp",2021-06-10 12:09:19,perkembangan covid-19
293,IndonesiainDC,"Update Perkembangan COVID-19 di Dunia dan Pelindungan WNI per 10 Juni 2021.
Source: @Kemlu_RI 

#inidiplomasi‚Ä¶ https://t.co/zi16cSI6DH",2021-06-10 11:49:30,perkembangan covid-19
294,databoksid,"Kasus Covid-19 bertambah 8.892 pada hari (10/6), sehingga total kasus mencapai 1.885.942. Sebanyak 1.728.914 orang‚Ä¶ https://t.co/dH6i0wpN55",2021-06-10 11:38:29,perkembangan covid-19
295,Andespen1,"Update Data Perkembangan Virus Corona (Covid-19) 10 JUNI 2021

#SatgasCovid19 #ingatpesanibu #pakaimasker‚Ä¶ https://t.co/Dq21dUG2vd",2021-06-10 11:31:12,perkembangan covid-19
296,onenewsofficial,"Kira-kira 80 peratus atlet daripada 10,900 atlet yang layak ke Olimpik Tokyo 2020 telah menerima vaksin COVID-19, m‚Ä¶ https://t.co/viZc0QAOeG",2021-06-10 11:25:00,perkembangan covid-19
297,Kal_Trirenggo,"Laporan harian perkembangan kasus Covid-19 di Kalurahan Trirenggo, berdasarkan data dari Puskesmas Bantul I per Kam‚Ä¶ https://t.co/TUKK5MpLuY",2021-06-10 11:23:08,perkembangan covid-19
298,bpbdkaltim,"10 Juni 2021
UPDATE infografis perkembangan virus covid 19 di wilayah Indonesia.

#bnpbindonesia 
#bpbdprovkaltim‚Ä¶ https://t.co/UxHcKOs1ok",2021-06-10 11:05:01,perkembangan covid-19
299,HilalAzmi,"6 daripada 73 kes kematian akibat COVID-19 setakat 10 Jun 2021 membabitkan kes Brought In Dead (BID).

Tolong follo‚Ä¶ https://t.co/rLp6XDRs9F",2021-06-10 10:51:45,perkembangan covid-19
300,rozali53,"Dato' Sri Tuan Ibrahim bin Tuan Man ¬∑ 
Saya mewakili Presiden Parti Islam Se-Malaysia (PAS) yang kini masih dirawat‚Ä¶ https://t.co/zFfwkknqUK",2021-06-10 10:27:57,perkembangan covid-19
301,bpbdkaltim,"10 Juni 2021
UPDATE infografis perkembangan virus covid 19 di wilayah Kaltim.

#bnpbindonesia 
#bpbdprovkaltim‚Ä¶ https://t.co/cz4NwAR759",2021-06-10 10:05:32,perkembangan covid-19
302,MalaysiaGazette,Sebanyak pertambahan 73 kes kematian baharu dilaporkan dalam perkembangan terbaharu jangkitan Covid-19 hari ini - K‚Ä¶ https://t.co/7KmyHw9jHB,2021-06-10 10:00:25,perkembangan covid-19
303,ExHeisenberg,@AMUBAIDAHS @chedetofficial @MuhyiddinYassin Tak nampak ada perkembangan positif kecuali kes kes Covid-19 yg positif.,2021-06-10 09:36:49,perkembangan covid-19
304,kominfo_malinau,UPDATE PERKEMBANGAN KASUS COVID-19 KABUPATEN MALINAU Per 10 Juni 2021 https://t.co/WQl3XkeiFg,2021-06-10 09:29:02,perkembangan covid-19
305,abdulhadiawang,"Tuan Ibrahim wakili Presiden PAS menghadap Agong

Timbalan Presiden PAS itu berkata, perbincangan berlangsung hampi‚Ä¶ https://t.co/d0NREPm9vn",2021-06-10 09:03:38,perkembangan covid-19
306,detikHealth,"Perkembangan COVID-19 di Kudus, Jawa Tengah, masih mengkhawatirkan. Namun, Bupati Kudus HM Hartopo mengklaim bahwa‚Ä¶ https://t.co/4t17gdrZpl",2021-06-10 08:45:08,perkembangan covid-19
307,Santriwati_,"Kegiatan utama berdasarkan fungsi pengendalian, antara lain: Monitoring dan pengendalian pencapaian sasaran/target‚Ä¶ https://t.co/cupruqEOk1",2021-06-10 08:20:08,perkembangan covid-19
308,119Cilacap,"Update Infografis Perkembangan COVID-19 dan Vaksinasi Kab. Cilacap Kamis, 10 Juni 2021 https://t.co/EyqYH9cXRN",2021-06-10 07:47:35,perkembangan covid-19
309,harakahdailyHD,"Perbincangan berlangsung hampir satu jam berkisar perkembangan isu Covid-19, darurat dan persidangan Parlimen.‚Ä¶ https://t.co/ozcS0Km86H",2021-06-10 07:33:45,perkembangan covid-19
310,PemkotJogja,"Perkembangan COVID-19 di Kota Yogyakarta, Kamis (10/6)
-Kasus positif baru : 89 kasus
-Pasien sembuh/selesai isolas‚Ä¶ https://t.co/fvA06pQoZi",2021-06-10 07:07:45,perkembangan covid-19
311,jpnncom,"Satgas Penanganan Covid-19 meminta daerah responsif melihat perkembangan kasus, jangan sampai terlambat hingga kond‚Ä¶ https://t.co/o7ccINraK9",2021-06-10 05:05:02,perkembangan covid-19
312,bernard_sou,"@OnfireBobby @portalsemarang Covid sangat berbahaya, bisa dilihat dimana sudah banyak sekali korban di dunia termas‚Ä¶ https://t.co/F2LNfGmDu6",2021-06-10 16:13:09,perkembangan covid-19
313,kompascom,"Dengan penambahan 1,5 juta dosis vaksin AstraZeneca tersebut, total dosis vaksin yang telah diterima Indonesia seba‚Ä¶ https://t.co/tjcH4xGBfx",2021-06-10 16:07:03,perkembangan covid-19
314,Fahmiaz33287129,@nisaistipani Kata-kata PHK yg di keluarkan dari pihak perusahaan secara sepihak kepada karyawan karena alasan pand‚Ä¶ https://t.co/rhlhcvDtog,2021-06-10 16:06:17,perkembangan covid-19
315,AyoAjaOrangnya,Alhamdulillah. Saya sudah di VAKSIN! #AstraZeneca sebagai bentuk ikhtiar pencegahan penyakit COVID-19. Terima kasih‚Ä¶ https://t.co/pa4db8sbfS,2021-06-10 15:59:30,perkembangan covid-19
316,polsubsektorger,"Bioskop Berjalan di Bangkalan - Jatim 

Kapolda Jawa Timur kembali meluncurkan sebuah inovasi  untuk menekan laju p‚Ä¶ https://t.co/j7fIj46Jl5",2021-06-10 15:53:12,perkembangan covid-19
317,lensaRTV,Indonesia kembali kedatangan vaksin Covid-19 tahap ke-15 yang tiba malam ini di Bandara Soekarno-Hatta. Kali ini ju‚Ä¶ https://t.co/XLCIjvZksM,2021-06-10 15:38:00,perkembangan covid-19
318,infoppkk,"Selamat malam #sobatkriskes, berikut perkembangan Covid-19 di Indonesia tanggal 10 Juni 2021, pkl 16.00 WIB 

Covid‚Ä¶ https://t.co/V91nLoRrnv",2021-06-10 15:11:27,perkembangan covid-19
319,BNPB_Indonesia,"[RALAT] Update data uji PCR COVID-19 di Indonesia per tanggal 10 Juni 2021 Pukul 12.00 WIB. 

#BersatuLawanCovid19 https://t.co/D6aGbdWhQz",2021-06-10 15:10:53,perkembangan covid-19
320,IDCorner,"Gerak Cepat Merespons Lonjakan Kasus COVID-19 di Daerah - #INDONESIA

https://t.co/D6QWCbw2PJ",2021-06-10 15:05:07,perkembangan covid-19
321,readers_id,"Tanggal 10 Juni 2021 Perkembangan COVID-19 di Indonesia

Jumlah kasus terkonfirmasi positif COVID19 di Indonesia me‚Ä¶ https://t.co/kE1SB8ZpF0",2021-06-10 15:01:06,perkembangan covid-19
322,amygthalamus,"gelombang 1 covid-19 di Indonesia belum kelar, yang ada malah gelombang 3 psbb",2021-06-10 14:55:49,perkembangan covid-19
323,RSoangan,"Berdasarkan data terkini, tingkat kasus aktif Covid-19 di Indonesia per 6 Juni berada di angka 5,3 persen atau lebi‚Ä¶ https://t.co/KeO7TfB5xQ",2021-06-10 14:55:39,perkembangan covid-19
324,idntimes,"Terdakwa kasus swab test PCR COVID-19 palsu di Rumah Sakit UMMI, Kota Bogor, Jawa Barat Rizieq Shihab kembali menja‚Ä¶ https://t.co/irhLHGEz4p",2021-06-10 14:51:34,perkembangan covid-19
325,HPolsekkedamean,".

Kapolda Jawa Timur kembali meluncurkan sebuah inovasi  untuk menekan laju penyebaran covid-19. Karena satu-satun‚Ä¶ https://t.co/HRwQT978fz",2021-06-10 14:51:01,perkembangan covid-19
326,antarajatimcom,Perhimpunan Sarjana dan Profesional Kesehatan Masyarakat Indonesia (Persakmi) Jawa Timur menilai penyekatan di Jemb‚Ä¶ https://t.co/8GZoMlbyn8,2021-06-10 14:41:21,perkembangan covid-19
327,anti_neokolim,"@brocowly ngga sekalian minta bangunnya yg agak lamaan dikit, seudah pandemi covid-19 berakhir di Indonesia üáÆüá©? ü§≠",2021-06-10 14:28:20,perkembangan covid-19
328,RrArifin,"Kami terimakasih pd pak Gubernur @ganjarpranowo yang sdh berdialog, memberi masukan, dan juga membagikan sembako di‚Ä¶ https://t.co/OF3fqcFhOw",2021-06-10 14:27:48,perkembangan covid-19
329,LokadataID,"Kasus positif Covid-19 di Indonesia bertambah lagi sebanyak 8.892 kasus, hingga Kamis, 10 Juni 2021. Total pengidap‚Ä¶ https://t.co/GSTwOm5Xkf",2021-06-10 14:09:13,perkembangan covid-19
330,ismet_ulam,"@mkini_bm Pastikan wabak ni terkawal dan kapasiti vaksinasi dipertingkatkan. 

Kalau tak, kes baharu COVID-19 pun berkembang juga nanti.",2021-06-10 12:52:22,perkembangan covid-19
331,tvstvmy,"Kerajaan Terus Bendung COVID-19, Pastikan Ekonomi Berkembang https://t.co/7gaJTK4IBD",2021-06-10 09:52:17,perkembangan covid-19
332,exomalaysia_,"@null Kerajaan terus bendung COVID-19, pastikan ekonomi berkembang mulai separuh kedua  https://t.co/FkP7NllJUO",2021-06-10 08:40:26,perkembangan covid-19
333,501Awani,"Kerajaan terus bendung COVID-19, pastikan ekonomi berkembang mulai separuh kedua 2021 - Tengku Zafrul‚Ä¶ https://t.co/o1Q4cqL0Zc",2021-06-10 08:36:27,perkembangan covid-19
334,iindrianto66,"@jokowi Harus saya akui bahwa pembangunan infrastruktur, ekonomi dan penanganan covid-19 saya salut dan acungi 5 je‚Ä¶ https://t.co/lo0w9eSQPf",2021-06-10 06:39:34,perkembangan covid-19
335,Polsekpadangti2,"Panglima TNI dan Kapolri Tinjau Vaksinasi di Grobogan
Menanggapi adanya lonjakan kasus Covid-19 di Kudus, Kapolri m‚Ä¶ https://t.co/Tepsu4MNRa",2021-06-10 02:39:26,perkembangan covid-19
336,sumeksdotcom,"Wabup: Meskipun di Tengah Pandemi Covid ‚Äì 19, Para Pelaku UMKM Sumedang Tetap Tumbuh dan Berkembang‚Ä¶ https://t.co/cMT5Cd5M8N",2021-06-10 02:18:37,perkembangan covid-19
337,indeksncom,BRANDIQ Rilis Daftar 100 ‚ÄúEcommerce‚Äù yang Berkembang pesat Saat Covid-19 Merebak https://t.co/hmsMrDVsxs lewat‚Ä¶ https://t.co/wtPTB54THu,2021-06-09 18:03:49,perkembangan covid-19
338,MMargani5,"""Mslh pembatalan keberangkatan jemaah tdk ada kaitannya dgn hubungan baik antara Saudi &amp; Indonesia. Tdk berhubungan‚Ä¶ https://t.co/YwecT2h4F4",2021-06-09 10:23:59,perkembangan covid-19
339,jubidotcom,Pemerintah¬†Fiji dianggap tidak bisa mengendalikan wabah Covid-19 yang terus berkembang pesat di negara itu.‚Ä¶ https://t.co/j6Z3H0oQBn,2021-06-09 09:49:05,perkembangan covid-19
340,ubsibekasi,"MY BEST, APLIKASI PEMBELAJARAN GA PAKE RIBET

Hai Sobat BSI...

Perkembangan teknologi digital yang berkembang pesa‚Ä¶ https://t.co/c1PnSduYjK",2021-06-09 09:00:32,perkembangan covid-19
341,beritamanado,Berita terbaru: Ini 100 Kategori ‚ÄúEcommerce‚Äù Paling Berkembang Pesat Setelah Covid-19 Merebak https://t.co/F0ctC3a4n8,2021-06-09 07:58:53,perkembangan covid-19
342,ubsi_cs01,"MY BEST, APLIKASI PEMBELAJARAN GA PAKE RIBET

Hai Sobat BSI...Perkembangan teknologi digital yang berkembang pesat‚Ä¶ https://t.co/iD4Nt95OvP",2021-06-09 07:08:26,perkembangan covid-19
343,UBSI_Tegal,"MY BEST, APLIKASI PEMBELAJARAN GA PAKE RIBET

Hai Sobat BSI...

Perkembangan teknologi digital yang berkembang pesa‚Ä¶ https://t.co/RsKCC5EhGV",2021-06-09 06:22:49,perkembangan covid-19
344,ubsi_jtw,"MY BEST, APLIKASI PEMBELAJARAN GA PAKE RIBET

Hai Sobat BSI...

Perkembangan teknologi digital yang berkembang pesa‚Ä¶ https://t.co/alyTW0iwSJ",2021-06-09 04:46:20,perkembangan covid-19
345,YoungsterID_,Pengunaan Layanan Digital di Indonesia Tumbuh 93% ‚Äì Berdasarkan data Google penggunaan layanan digital di Indonesia‚Ä¶ https://t.co/1LR4ELcdvj,2021-06-09 04:42:24,perkembangan covid-19
346,ubsi_cs03,"MY BEST, APLIKASI PEMBELAJARAN GA PAKE RIBET

Hai Sobat BSI...

Perkembangan teknologi digital yang berkembang pesa‚Ä¶ https://t.co/j2dqcKCcv4",2021-06-09 04:27:58,perkembangan covid-19
347,JayaKatwang15,"Ekonomi digital berkembang di tengah pandemi covid-19, sehingga perkembangan itu mendorong penambahan ketersediaan‚Ä¶ https://t.co/jqdqUGmmxg",2021-06-09 03:58:29,perkembangan covid-19
348,JayaKatwang15,"Ekonomi digital berkembang di tengah pandemi covid-19, sehingga perkembangan itu mendorong penambahan ketersediaan‚Ä¶ https://t.co/NasO0jPHnX",2021-06-09 03:58:16,perkembangan covid-19
349,JayaKatwang15,"Ekonomi digital berkembang di tengah pandemi covid-19, sehingga perkembangan itu mendorong penambahan ketersediaan‚Ä¶ https://t.co/5QQavYCghM",2021-06-09 03:58:08,perkembangan covid-19
350,JayaKatwang15,"Ekonomi digital berkembang di tengah pandemi covid-19, sehingga perkembangan itu mendorong penambahan ketersediaan‚Ä¶ https://t.co/vCbxtFRVzu",2021-06-09 03:57:59,perkembangan covid-19
351,JayaKatwang15,"Ekonomi digital berkembang di tengah pandemi covid-19, sehingga perkembangan itu mendorong penambahan ketersediaan‚Ä¶ https://t.co/W0yx5woiaE",2021-06-09 03:57:49,perkembangan covid-19
352,ubsi_cs10,"MY BEST, APLIKASI PEMBELAJARAN GA PAKE RIBET

Hai Sobat BSI...

Perkembangan teknologi digital yang berkembang pesa‚Ä¶ https://t.co/EgAdHR296j",2021-06-09 03:54:06,perkembangan covid-19
353,Muis____,"Politik..
Diluruskan Dubes Saudi, Pembatalan Haji Tak Berhubungan Dengan Kisruh Diplomasi Dan Vaksin Covid-19

Tida‚Ä¶ https://t.co/fQnyFBuhXP",2021-06-09 03:29:10,perkembangan covid-19
354,mikirdoeloe,"Ekonomi digital berkembang di tengah pandemi covid-19, sehingga perkembangan itu mendorong penambahan ketersediaan‚Ä¶ https://t.co/PQ6pEeylL6",2021-06-09 03:22:48,perkembangan covid-19
355,TVRIJatim,"Rek kudu waspada soale, Penyebaran virus COVID-19 dengan jenis varian baru yang berkembang di Afrika dan terbawa ol‚Ä¶ https://t.co/0ABnqPsi4B",2021-06-09 03:21:59,perkembangan covid-19
356,SininiriT,Kenaikan kasus Covid-19 pasca-Lebaran harus segera diantisipasi agar tidak berkembang menjadi lonjakan baru yang me‚Ä¶ https://t.co/vhOzam2rRl,2021-06-09 00:07:18,perkembangan covid-19
357,Yanyan01S,Kenaikan kasus Covid-19 pasca-Lebaran harus segera diantisipasi agar tidak berkembang menjadi lonjakan baru yang me‚Ä¶ https://t.co/hpcJc6vko0,2021-06-09 00:01:02,perkembangan covid-19
358,AsamJagung,Kenaikan kasus Covid-19 pasca Lebaran harus segera diantisipasi supaya tidak berkembang menjadi lonjakan baru yang‚Ä¶ https://t.co/VQVYuJyLcd,2021-06-09 00:00:00,perkembangan covid-19
359,HambaAllah_411,"Hmm
Jadi Ini Masalah Apa Doong
Jangan¬≤ Benar nich yg selama Ini Viral di Medsos ü§îü§î

Tidak berhubungan pula dengan p‚Ä¶ https://t.co/cEQJ4GufiN",2021-06-08 19:34:17,perkembangan covid-19
360,suaradotcom,"Gejala Covid-19 yang semakin parah tentunya membutuhkan penanganan medis segera. Karena itu, perlu menyadari 3 geja‚Ä¶ https://t.co/fsMyDJDwUs",2021-06-08 11:52:07,perkembangan covid-19
361,beritajatimcom,Ada informasi yang berkembang jika Bed Occupancy Rate (BOR)/ tingkat hunian kasus di ICU di rumah sakit rujukan Cov‚Ä¶ https://t.co/drvXAGelnZ,2021-06-08 09:18:12,perkembangan covid-19
362,Satlantaspati2,"@ResorPati Menanggapi adanya lonjakan kasus Covid-19 di Kudus, Kapolri mengatakan untuk wilayah perbatasan, saat in‚Ä¶ https://t.co/8HQbEyC26a",2021-06-08 08:24:52,perkembangan covid-19
363,theiconomic,Otoritas Jasa Keuangan (OJK) telah membuat kebijakan yang tercantum dalam Master Plan Sektor Jasa Keuangan Indonesi‚Ä¶ https://t.co/nZcSR1rBh9,2021-06-08 07:54:36,perkembangan covid-19
364,kalderanews,"Artificial Intelligence (AI) Berkembang Pesat Saat Pandemi Covid-19
https://t.co/f59mmwAIqZ",2021-06-08 07:30:03,perkembangan covid-19
365,EriSeptianto74,"@HumasSerengan1 Menanggapi adanya lonjakan kasus Covid-19 di Kudus, Kapolri mengatakan untuk wilayah perbatasan, sa‚Ä¶ https://t.co/bifxDZf2YF",2021-06-08 06:11:36,perkembangan covid-19
366,EriSeptianto74,"@HumasSerengan1 Menanggapi adanya lonjakan kasus Covid-19 di Kudus, Kapolri mengatakan untuk wilayah perbatasan, sa‚Ä¶ https://t.co/zimg6z6rne",2021-06-08 06:10:17,perkembangan covid-19
367,EriSeptianto74,"Menanggapi adanya lonjakan kasus Covid-19 di Kudus, Kapolri mengatakan untuk wilayah perbatasan, saat ini angkanya‚Ä¶ https://t.co/k9qjrHRfyX",2021-06-08 06:10:07,perkembangan covid-19
368,EriSeptianto74,"@Polresta_Solo Menanggapi adanya lonjakan kasus Covid-19 di Kudus, Kapolri mengatakan untuk wilayah perbatasan, saa‚Ä¶ https://t.co/xvBwv1evfq",2021-06-08 06:09:55,perkembangan covid-19
369,ResorPati,"Menanggapi adanya lonjakan kasus Covid-19 di Kudus, Kapolri mengatakan untuk wilayah perbatasan, saat ini angkanya‚Ä¶ https://t.co/ykHX8zLB4A",2021-06-08 05:45:04,perkembangan covid-19
370,ResorPati,"@Humascluwak1 Menanggapi adanya lonjakan kasus Covid-19 di Kudus, Kapolri mengatakan untuk wilayah perbatasan, saat‚Ä¶ https://t.co/M2398iC9Zb",2021-06-08 05:37:57,perkembangan covid-19
371,ahdansambora,"@Humascluwak1 Menanggapi adanya lonjakan kasus Covid-19 di Kudus, Kapolri mengatakan untuk wilayah perbatasan, saat‚Ä¶ https://t.co/Kk0WiAbrSg",2021-06-08 05:27:10,perkembangan covid-19
372,setyanto2806,"@HumasSerengan1 Menanggapi adanya lonjakan kasus Covid-19 di Kudus, Kapolri mengatakan untuk wilayah perbatasan, sa‚Ä¶ https://t.co/BEKrj1CSYl",2021-06-08 05:23:12,perkembangan covid-19
373,DNoertjahjo,"@HumasSerengan1 Menanggapi adanya lonjakan kasus Covid-19 di Kudus, Kapolri mengatakan untuk wilayah perbatasan, sa‚Ä¶ https://t.co/QxyOPbPR8I",2021-06-08 05:19:51,perkembangan covid-19
374,DNoertjahjo,"@HumasSerengan1 Menanggapi adanya lonjakan kasus Covid-19 di Kudus, Kapolri mengatakan untuk wilayah perbatasan, sa‚Ä¶ https://t.co/tODfog1Stu",2021-06-08 05:19:46,perkembangan covid-19
375,DNoertjahjo,"@HumasSerengan1 Menanggapi adanya lonjakan kasus Covid-19 di Kudus, Kapolri mengatakan untuk wilayah perbatasan, sa‚Ä¶ https://t.co/3t7Uf7lRcu",2021-06-08 05:19:41,perkembangan covid-19
376,DNoertjahjo,"@HumasSerengan1 Menanggapi adanya lonjakan kasus Covid-19 di Kudus, Kapolri mengatakan untuk wilayah perbatasan, sa‚Ä¶ https://t.co/j7Tl2PdPYe",2021-06-08 05:19:36,perkembangan covid-19
377,DNoertjahjo,"@HumasSerengan1 Menanggapi adanya lonjakan kasus Covid-19 di Kudus, Kapolri mengatakan untuk wilayah perbatasan, sa‚Ä¶ https://t.co/hDesNoTHnP",2021-06-08 05:19:30,perkembangan covid-19
378,DNoertjahjo,"@HumasSerengan1 Menanggapi adanya lonjakan kasus Covid-19 di Kudus, Kapolri mengatakan untuk wilayah perbatasan, sa‚Ä¶ https://t.co/1IxnbOqSQ6",2021-06-08 05:19:25,perkembangan covid-19
379,DNoertjahjo,"@Polresta_Solo Menanggapi adanya lonjakan kasus Covid-19 di Kudus, Kapolri mengatakan untuk wilayah perbatasan, saa‚Ä¶ https://t.co/VXxSGAuZFU",2021-06-08 05:19:16,perkembangan covid-19
380,DNoertjahjo,"@Polresta_Solo Menanggapi adanya lonjakan kasus Covid-19 di Kudus, Kapolri mengatakan untuk wilayah perbatasan, saa‚Ä¶ https://t.co/8bbxSWZiVs",2021-06-08 05:19:10,perkembangan covid-19
381,DNoertjahjo,"@Polresta_Solo Menanggapi adanya lonjakan kasus Covid-19 di Kudus, Kapolri mengatakan untuk wilayah perbatasan, saa‚Ä¶ https://t.co/0Hng0JpgBx",2021-06-08 05:19:05,perkembangan covid-19
382,DNoertjahjo,"@Polresta_Solo Menanggapi adanya lonjakan kasus Covid-19 di Kudus, Kapolri mengatakan untuk wilayah perbatasan, saa‚Ä¶ https://t.co/6SeWqQCgZg",2021-06-08 05:19:00,perkembangan covid-19
383,DNoertjahjo,"@Polresta_Solo Menanggapi adanya lonjakan kasus Covid-19 di Kudus, Kapolri mengatakan untuk wilayah perbatasan, saa‚Ä¶ https://t.co/fWYwW1x4oa",2021-06-08 05:18:55,perkembangan covid-19
384,DNoertjahjo,"@Polresta_Solo Menanggapi adanya lonjakan kasus Covid-19 di Kudus, Kapolri mengatakan untuk wilayah perbatasan, saa‚Ä¶ https://t.co/U66J8YY9yk",2021-06-08 05:18:50,perkembangan covid-19
385,78Bayuirawan,"@HumasSerengan1 Menanggapi adanya lonjakan kasus Covid-19 di Kudus, Kapolri mengatakan untuk wilayah perbatasan, sa‚Ä¶ https://t.co/LPNylM3bLx",2021-06-08 05:14:01,perkembangan covid-19
386,78Bayuirawan,"@Polresta_Solo Menanggapi adanya lonjakan kasus Covid-19 di Kudus, Kapolri mengatakan untuk wilayah perbatasan, saa‚Ä¶ https://t.co/TUZ7ZC0c3F",2021-06-08 05:13:48,perkembangan covid-19
387,Humasgembong1,"@Humascluwak1 Menanggapi adanya lonjakan kasus Covid-19 di Kudus, Kapolri mengatakan untuk wilayah perbatasan, saat‚Ä¶ https://t.co/vfuEPISJ71",2021-06-08 05:09:52,perkembangan covid-19
388,polsek_jebres,"@Polresta_Solo Menanggapi adanya lonjakan kasus Covid-19 di Kudus, Kapolri mengatakan untuk wilayah perbatasan, saa‚Ä¶ https://t.co/9sXSob9yad",2021-06-08 05:09:16,perkembangan covid-19
389,polsek_jebres,"@Polresta_Solo Menanggapi adanya lonjakan kasus Covid-19 di Kudus, Kapolri mengatakan untuk wilayah perbatasan, saa‚Ä¶ https://t.co/zODYfSxLHI",2021-06-08 05:09:11,perkembangan covid-19
390,polsek_jebres,"@Polresta_Solo Menanggapi adanya lonjakan kasus Covid-19 di Kudus, Kapolri mengatakan untuk wilayah perbatasan, saa‚Ä¶ https://t.co/QYvmaUGfqQ",2021-06-08 05:09:05,perkembangan covid-19
391,polsek_jebres,"@Polresta_Solo Menanggapi adanya lonjakan kasus Covid-19 di Kudus, Kapolri mengatakan untuk wilayah perbatasan, saa‚Ä¶ https://t.co/fKHf89XsAv",2021-06-08 05:08:59,perkembangan covid-19
392,polsek_jebres,"@Polresta_Solo Menanggapi adanya lonjakan kasus Covid-19 di Kudus, Kapolri mengatakan untuk wilayah perbatasan, saa‚Ä¶ https://t.co/PMV9yfTXSc",2021-06-08 05:08:54,perkembangan covid-19
393,polsek_jebres,"@Polresta_Solo Menanggapi adanya lonjakan kasus Covid-19 di Kudus, Kapolri mengatakan untuk wilayah perbatasan, saa‚Ä¶ https://t.co/FrTYV4xR3s",2021-06-08 05:08:47,perkembangan covid-19
394,polsek_jebres,"@Polresta_Solo Menanggapi adanya lonjakan kasus Covid-19 di Kudus, Kapolri mengatakan untuk wilayah perbatasan, saa‚Ä¶ https://t.co/ig3IxQ43YM",2021-06-08 05:08:42,perkembangan covid-19
395,polsek_jebres,"@Polresta_Solo Menanggapi adanya lonjakan kasus Covid-19 di Kudus, Kapolri mengatakan untuk wilayah perbatasan, saa‚Ä¶ https://t.co/EV6AzBP13P",2021-06-08 05:08:36,perkembangan covid-19
396,polsek_jebres,"@Polresta_Solo Menanggapi adanya lonjakan kasus Covid-19 di Kudus, Kapolri mengatakan untuk wilayah perbatasan, saa‚Ä¶ https://t.co/m7j7RjMPQT",2021-06-08 05:08:30,perkembangan covid-19
397,polsek_jebres,"@Polresta_Solo Menanggapi adanya lonjakan kasus Covid-19 di Kudus, Kapolri mengatakan untuk wilayah perbatasan, saa‚Ä¶ https://t.co/3tYgyNXdSH",2021-06-08 05:08:24,perkembangan covid-19
398,polsek_jebres,"@HumasSerengan1 Menanggapi adanya lonjakan kasus Covid-19 di Kudus, Kapolri mengatakan untuk wilayah perbatasan, sa‚Ä¶ https://t.co/FYuT37XIA8",2021-06-08 05:08:14,perkembangan covid-19
399,polsek_jebres,"@HumasSerengan1 Menanggapi adanya lonjakan kasus Covid-19 di Kudus, Kapolri mengatakan untuk wilayah perbatasan, sa‚Ä¶ https://t.co/4hNcYd8CHa",2021-06-08 05:08:09,perkembangan covid-19
400,polsek_jebres,"@HumasSerengan1 Menanggapi adanya lonjakan kasus Covid-19 di Kudus, Kapolri mengatakan untuk wilayah perbatasan, sa‚Ä¶ https://t.co/Hr4sJRO7ta",2021-06-08 05:08:03,perkembangan covid-19
401,polsek_jebres,"@HumasSerengan1 Menanggapi adanya lonjakan kasus Covid-19 di Kudus, Kapolri mengatakan untuk wilayah perbatasan, sa‚Ä¶ https://t.co/XTeEasVfeJ",2021-06-08 05:07:57,perkembangan covid-19
402,polsek_jebres,"@HumasSerengan1 Menanggapi adanya lonjakan kasus Covid-19 di Kudus, Kapolri mengatakan untuk wilayah perbatasan, sa‚Ä¶ https://t.co/RRS1tIElll",2021-06-08 05:07:51,perkembangan covid-19
403,polsek_jebres,"@HumasSerengan1 Menanggapi adanya lonjakan kasus Covid-19 di Kudus, Kapolri mengatakan untuk wilayah perbatasan, sa‚Ä¶ https://t.co/1fe0zYxRdO",2021-06-08 05:07:46,perkembangan covid-19
404,polsek_jebres,"@HumasSerengan1 Menanggapi adanya lonjakan kasus Covid-19 di Kudus, Kapolri mengatakan untuk wilayah perbatasan, sa‚Ä¶ https://t.co/kM7b60MEMj",2021-06-08 05:07:40,perkembangan covid-19
405,polsek_jebres,"@HumasSerengan1 Menanggapi adanya lonjakan kasus Covid-19 di Kudus, Kapolri mengatakan untuk wilayah perbatasan, sa‚Ä¶ https://t.co/xrY8SYZ6zT",2021-06-08 05:07:35,perkembangan covid-19
406,polsek_jebres,"@HumasSerengan1 Menanggapi adanya lonjakan kasus Covid-19 di Kudus, Kapolri mengatakan untuk wilayah perbatasan, sa‚Ä¶ https://t.co/CFI2gNdMbP",2021-06-08 05:07:29,perkembangan covid-19
407,polsek_jebres,"@HumasSerengan1 Menanggapi adanya lonjakan kasus Covid-19 di Kudus, Kapolri mengatakan untuk wilayah perbatasan, sa‚Ä¶ https://t.co/nxNgZG6AOc",2021-06-08 05:07:24,perkembangan covid-19
408,HmsWdr,"@Humascluwak1 Menanggapi adanya lonjakan kasus Covid-19 di Kudus, Kapolri mengatakan untuk wilayah perbatasan, saat‚Ä¶ https://t.co/y0zKEj5bQH",2021-06-08 05:07:12,perkembangan covid-19
409,Humasgembong1,"@ResorPati Menanggapi adanya lonjakan kasus Covid-19 di Kudus, Kapolri mengatakan untuk wilayah perbatasan, saat in‚Ä¶ https://t.co/9FoHgdoulU",2021-06-08 05:03:13,perkembangan covid-19
410,humas_kayen,"@Humascluwak1 Menanggapi adanya lonjakan kasus Covid-19 di Kudus, Kapolri mengatakan untuk wilayah perbatasan, saat‚Ä¶ https://t.co/bwRRQNoAYn",2021-06-08 05:01:19,perkembangan covid-19
411,FanyKemiri,"@Humascluwak1 Menanggapi adanya lonjakan kasus Covid-19 di Kudus, Kapolri mengatakan untuk wilayah perbatasan, saat‚Ä¶ https://t.co/hHNNi6jRKd",2021-06-08 05:00:08,perkembangan covid-19
412,PJakenan,"@Humascluwak1 Menanggapi adanya lonjakan kasus Covid-19 di Kudus, Kapolri mengatakan untuk wilayah perbatasan, saat‚Ä¶ https://t.co/qH7OpHurxC",2021-06-08 04:57:49,perkembangan covid-19
413,HmsWdr,"@ResorPati Menanggapi adanya lonjakan kasus Covid-19 di Kudus, Kapolri mengatakan untuk wilayah perbatasan, saat in‚Ä¶ https://t.co/VjEY4RlHmn",2021-06-08 04:57:17,perkembangan covid-19
414,ratnaika0152,"@ResorPati Menanggapi adanya lonjakan kasus Covid-19 di Kudus, Kapolri mengatakan untuk wilayah perbatasan, saat in‚Ä¶ https://t.co/SHfGcYFqpF",2021-06-08 04:55:47,perkembangan covid-19
415,Sukolilo17,"@Humascluwak1 Menanggapi adanya lonjakan kasus Covid-19 di Kudus, Kapolri mengatakan untuk wilayah perbatasan, saat‚Ä¶ https://t.co/35mAGFRwH9",2021-06-08 04:52:22,perkembangan covid-19
416,humas_dukuhseti,"@Humascluwak1 Menanggapi adanya lonjakan kasus Covid-19 di Kudus, Kapolri mengatakan untuk wilayah perbatasan, saat‚Ä¶ https://t.co/U4MRBwBhDh",2021-06-08 04:52:13,perkembangan covid-19
